keyword,text,likes,comments_count,shares
电影,美国电影学会评选出2024年十佳剧集：《小学风云》《熊家餐馆》《绝望写手》《新手老卧底》《史密斯夫妇》《天作不合的我们》《企鹅人》《幕府将军》《诊疗中》《真探》 ​​​,0,0,0
电影,无条件投降乐队的#蜜湖#演出直拍，小叶请好朋友们查收~#电影好东西#L钟楚曦的微博视频​,0,0,0
电影,渺小的我们也能做出不平凡的选择#电影孤星计划今日上映#L电影孤星计划的微博视频​,0,0,0
电影,#中国电影现阶段是走出去##第六届海南岛国际电影节#金椰奖主论坛上，阿里影业李捷谈中国电影走出去的三个路径：第一个海外发行，我们成功实现了《封神第一部》并不只是在华人聚集区发行，它在法国所有大的院线都有排片，有很多法国人看了《封神》的法语版本，只在华人区发行不是真正的全球发行。第二 ​展开c,0,0,0
电影,#因果报应 最后的血泊脚印#看《因果报应》时，真的被“血泊脚印”那一幕深深震撼到了！各路好评诚不欺我，果然直到最后一刻都在反转、并且有理有据，这就是你们印度神片的含金量吗？好绝啊！男二一生恶贯满盈，靠着烧杀抢掠得来的不义之财为女儿买下纯金打造镶有红宝石的脚印项链，项链饱含爱意， ​展开c,0,0,0
电影,昨天造桥🌉今天追“星”🌟江岳说今天见#电影孤星计划今日上映#​,0,0,0
电影,#电影孤星计划今日上映#听说大家都是有多重身份的人，那让我们猜猜谁是内鬼，一起去影院验证答案！ ​,0,0,0
电影,【周末福利！抽电影《如父如子》兑换码】#电影如父如子今日上映#日本当代电影大师是枝裕和家庭口碑神作——电影《如父如子》今日正式上映！关注@中国网并转发本微博，12月7日18:00将随机抽取10名幸运粉丝，每人获得电影票兑换券2张，快来抢！是枝导演发来亲笔手写信，诚意拉满了！“感谢您这个冬天为 ​展开c,0,0,0
电影,三城记丨汤唯被无数人忽略的经典电影viaL看片无数的微博视频​,0,0,0
电影,#三太四太同框支持何超莲新电影#何超莲主演的新电影《多想和你再见一面》今天在澳门举行首映礼，家人到齐为她站台，三太四太更是罕见同框！何超琼、何超凤、何猷君、何猷启也都来了#何超琼何超莲何猷君同框#​​​#何超莲高马尾女大造型#​,0,0,0
电影,妖怪造访人世间，男孩们该如何将其收服？  奇幻电影  妖怪图鉴  电视剧#微博电台计划#L点点影视解说的微博视频​,0,0,0
电影,#赵丽颖新加坡红毯#zly#赵丽颖 我觉得今天很nice#新加坡电影节修15p乔妍大明星来了​,0,0,0
电影,王源超话#王源电影孤星计划#渺小的我们也能做出不平凡的选择。@TFBOYS-王源#王源说00后不是垮掉的一代##王源别丢了你的勇敢MV#​,0,0,0
电影,#王源别丢了你的勇敢好六舞台#好六舞台上，王源的《别丢了你的勇敢》舞台表现堪称卓越。他的歌声如同一把利剑，斩断了人们心中的懦弱与犹豫。在演唱过程中，他将电影《孤星计划》中的勇敢主题融入每一个音符，使观众在聆听的过程中，不禁被那份勇敢所感染，想要像李一民一样，勇敢地面对生活中的一切 ​展开c,0,0,0
电影,【送周边】本报随机抽取小可爱，送出#电影魔法坏女巫#电影周边正在上映！如何获得？转发➕评论➕点赞本条微博，快来评论区许愿 & 为电影打call～下周三开奖！剧情电影《魔法坏女巫》讲述了奥兹国两位女巫艾芙芭与格琳达，建立起了 ​展开c,0,0,0
电影,也是搞笑，看个刑侦剧，居然给尸体打码？服了，现在的审核到底是审些什么玩意儿？电影红海行动里满地的断肢，半截的人也没看你打码呀！？ ​,0,0,0
电影,#henrylau刘宪华#的节日祝福（Season Greeting) 关怀包裹，终于第一次出现了！“迎接”新的一年，2025年是美好的时光。它用一个包装盒包裹了8样物品： 1本台历 1本、日记本1本、卡片1套、折叠海报1张、贴纸1套、留言照片卡4张、迷你拍立得卡1套、电影胶片书签1张。一般情况下我不经常使用这些东西 ​展开c,0,0,0
电影,和朋友去看的她也是基本不看国产电影的看完我拿出两张明天的票说让她给家里人去看她欣然接受了说要给她父母我觉得这就是她对影片最大的肯定了谢谢演员王源王源超话#王源电影孤星计划##一民汽修厂##王源李一民##王源2024龙行绛气#王源超话@TFBOYS-王源​,0,0,0
电影,🎞#易烊千玺过塘##易烊千玺电影小小的我#​,0,0,0
电影,#孤星计划最青春谍战片#电影《孤星计划》今日正式公映，王源、张雪迎、梁靖康等青年演员挑大梁，李晨、印小天、韩童生、余皑磊等实力派倾情加盟。悬疑谍战打底，青春群像增添亮色，影片对于青春和理想意义的探讨，引发每个人的共情和共鸣，也给予同样身处“暗夜”的人们鼓舞和勇气。谍战、悬疑、青春 ​展开c,0,0,0
电影,王源超话#电影孤星计划#带一民见爸爸 好看好看 反转很多 很热血 哥哥好棒​,0,0,0
电影,#此沙乔明庄#此沙你可真行啊，别人变脸你变眼，不管是一只眼两只眼三只眼，甚至是没有眼，都能看到溢出屏幕的演技，偶像派的颜值，实力派的演技，欢迎审判演技，来锁定12.14《多想和你再见一面》，电影《多想和你再见一面》将平凡人物的爱情亲情故事，以及为理想奋斗的历程融入澳门发展的浪潮之中 ​展开c,0,0,0
电影,#因果报应 前后反差#我狠狠爱上《因果报应》的前后反差！两个父亲对待女儿的反差，光明与黑暗的反差，施暴者与受害者态度的反差，都让我直呼设计太精妙了！！！前面出现的细节会在结局全部串联，好久没有看过这么精彩的悬疑片了！《因果报应》值得每一个人走进电影院！ ​,0,0,0
电影,#电影孤星计划#今日上映​,0,0,0
电影,王源超话#王源否认大学选修武术##王源电影孤星计划##王源李一民#《孤星计划》票房大卖！！@TFBOYS-王源​,0,0,0
电影,朴志训超话🎬#朴志训电影奥黛丽#241207 仁川机场出境［饭拍视频]🛫一路平安cr.JIHUNIJOAH搬运：兔兔兔小兔🈲️二改/商用/叠加个人水印 转载请标明出处—🐰【志训IG】0529.jihoon.ig🐾【官方IG】official_parkjihoon❣️【安利合集】微博正文⭐️【眨吧招 ​展开c,0,0,0
电影,#昆娜宸星学院##歌手陈岩##环球音乐节##昆娜宸星学院##歌手赵慧##歌手王春娥##歌唱家王淑婷##歌手张莎莎##鲁朝阳##原创歌手汤建军#㊗️#肖战专辑我们#大卖#肖战电影射雕英雄传侠之大者#㊗️票房大卖#第五届国潮文化艺术节##肖战献唱同路人#夺冠🏆 ​展开c,0,0,0
电影,#此沙昨天造桥今天追星#在昨天此沙为另一部新电影的澳门首映礼而忙碌，今天他就化身为宣传小能手为孤星计划宣传！这部电影里面的他民国赛博朋克造型亮眼，长发皮衣独眼质感满满 ​,0,0,0
电影,#易烊千玺浑身湿漉漉#却烘干了心底~@TFBOYS-易烊千玺#易烊千玺##易烊千玺电影小小的我#​,0,0,0
电影,且不说戛纳金棕榈长篇奖和短片奖之间差了十万八千里吧。去搜了下你们说的摄影指导席冰，原来是参与了短片《海边升起了一座悬崖》。这个短片获奖靠的是导演陈剑莹，不是摄影获奖。别在这张冠李戴了全中国唯一戛纳金棕榈获得者是陈凯歌。这种短片奖，每年入围几百个，真的没啥含金量。连陈剑莹导 ​展开c,0,0,0
科技,12 月 3 日-5 日，OPPO 以“AI 赋能  共筑数字新生态”为主题，携全新旗舰 Find X8 系列等智能终端及丰富的 IOT 生态产品，亮相广州#2024数字科技生态大会#，全面展示前沿的通信技术、卓越的 AI 与影像实力，以及在企业业务、智行与健康等多领域的创新成果。2024 中国电信数字科技生态大会虽已落幕，O ​展开c,0,0,0
科技,#吉利银河星舰7EM-i今日上市#@吉利银河新能源吉利银河星舰7 EM-i ：越级配置带来的极致驾驶感受在浩瀚的汽车市场中，吉利银河星舰7 EM-i犹如一颗璀璨的星辰，以其独特的魅力和卓越的性能吸引了无数消费者的目光。作为吉利汽车旗下的全新力作，银河星舰7 EM-i不仅在设计上独树一帜，更在舒适性配 ​展开c,0,0,0
科技,大国是怎么突破高端芯片被卡脖子的？要么科技突破，要么贸易突破。大家普遍关心比较多的，是我们熊猫被卡脖子的情况。而熊猫在事实上是两种办法都用，一长一短，用贸易大法拖时间，用科技大法筑基。科技大法每突破1纳米，贸易战线就解放一公里，凡是熊猫已经突破量产的，必定反推回去。熊猫嘛，面对 ​展开c,0,0,0
科技,中国上海，美国新泽西。相信绝大多数公司，没有资格用上这种格式！相信上海的核心技术，一定领先全国。寻找行业中的领跑者，寻找行业中的王者。诚迈科技涨再多，我仍然坚持买中国软件。山西汾酒涨再多，但应该买茅台五粮液。个人的理念，抛砖引玉吧。​,0,0,0
科技,这标题谁想的也太阴阳了，跟掰天线过不去了是吧？《掰掉卫星电话的外置天线，华为“天才少年”助力Mate捅破天》O掰掉卫星电话的外置天线，华为“天才少年”助力Mate捅破天​,0,0,0
科技,A股十大科技主线题材及相关概念核心龙头名单（木头婉） ​,0,0,0
科技,美股市场：美股收盘涨跌不一，纳指与标普500指数再创历史新高，截止收盘，道琼斯工业平均指数比前一交易日下跌123.19点，收于44642.52点，跌幅为0.28%；标准普尔500种股票指数上涨15.16点，收于6090.27点，涨幅为0.25%；纳斯达克综合指数上涨159.05点，收于19859.77点，涨幅为0.81%。本周，道指累跌0.6 ​展开c,0,0,0
科技,#a股#我对科技股很钟爱，套死也要配置一部分科技股，科技强国肯定不是一句口号！（七大科技股主线一览表，码住！）个人观点，不喜勿喷。 ​,0,0,0
科技,禾赛科技×长城汽车AT128后，ATX获得定点，搭魏牌和坦克SUV，ATX为禾赛小巧型超高清远距激光雷达 ，计划于 2025 年开始量产落地从蓝山开始，智能化+新能源开始进入螺旋向上周期#神奇的汽车构造##新能源汽车##我与汽车的日常#​,0,0,0
科技,Amazon Bedrock模型家族重磅上新！代码生成工具poolside让软件开发设计如虎添翼，Stable Diffusion 3.5开启文本转图像新格局，Luma Al为AI辅助视频创作领域带来重大进步。#亚马逊云科技#re:Invent 2024#2024亚马逊云科技re:Invent全球大会LInfoQ的微博视频​,0,0,0
科技,檀健次的待播剧《滤镜》讲述的是一个疑云重重的手镯、一场的奇特体验和一个超科技产品让她拥有了改变容貌的能力，与她心意相通的唐奇揭开了她变换身份的真相，两人要一起面对滤镜手镯带来的严峻挑战的故事，一起期待一下唐奇吧～@MIC檀健次JC-T#檀健次李兰迪滤镜早餐花絮#｜#滤镜60万预约福利#​,0,0,0
科技,Wallpapers｜最近收藏的壁纸​,0,0,0
科技,【7760元】再生材料/【5450元】乔雅登丰颜/濡白天使👉🏻点击添加小助理发送“马院”线上提前面诊💰限量领取杭州「1万-500」「2万-1000」优惠券优惠券仅由「金标乐乐」发放，可联络助理领取老粉都知道，我基本上这3年所有的针剂调整永远都是选择【再生材料】没人能不老，我都40了 ​展开c,0,0,0
科技,打造哈尔滨新地标！华为智能生活馆·哈尔滨中央大街12月7日盛大开业，邀您莅临，科技魔法，重塑生活想象。在这里，见证科技重塑生活美学！#我在滨立方等你##滨立方冰城新地标#​​​,0,0,0
科技,TikTok败诉了，然后呢？当地时间2024年12月6日晚，美国华盛顿特区巡回上诉法院如期作出了TikTok案的判决，字节跳动和TikTok完全败诉。三名法官一致认为，虽然要求强制剥离TikTok构成对言论自由的重大限制，适用严格的审查标准，但考虑到TikTok给美国的严重国家安全威胁，仍然裁定美国国会通过的《 ​展开c,0,0,0
科技,科技改变生活，手机的发展是对这句话最好的印证！ ​,0,0,0
科技,【“我们都是追梦人”科学家精神剧目展演（三）】弘扬科学家精神，展现青春风采，12月5日、7日、8日，中国科协科学技术传播中心“我们都是追梦人”科学家精神剧目展演活动直播，展现来自5个省市的剧目风采，生动再现科技工作者用生命书写的光辉岁月。本场剧目：儿童剧《我想登上那颗星》、话剧《约定》 ​展开c,0,0,0
科技,不愧理想汽车，冬季出行的理想之选！！冬季对新能源电动车是巨大考验，低温让用户面临座舱冷、续航降、充电慢三大痛点。理想汽车专注研发，全力攻克这些难题，致力于打造冬季最佳出行体验的新能源车。理想汽车的多源热泵系统，可“自产自销”快速制热，其制热能力优于行业常规做法，让车内快速升温 ​展开c,0,0,0
科技,【年末“狂欢”！#多款AI重磅产品将发布#】OpenAI为期12天的年终“技术盛宴”已结束第二天的直播。从当地时间12月5日发布的“满血版”o1模型和最贵ChatGPT Pro服务，到6日发布的强化微调，无不证明AI世界又将迎来一次全新的产品升级和迭代。在AI的狂欢中，其他科技公司也不甘示弱。有着“AI教母 ​展开c,0,0,0
科技,虞书欣超话#虞书欣1218生日快乐2025欣光熠熠#🎂#书欣树莓2024生日贴#🎂#虞书欣#🐟#虞书欣的发型秘密#🧈#戴森头发科技品类大使虞书欣#虞书欣云之羽|云为衫虞书欣仙剑六祈今朝|越祈|虞书欣苍兰诀@虞书欣EstherL虞书欣Esther的微博视频​,0,0,0
科技,從1372年到1870年代日本強行入侵併吞琉球，中國與琉球一直保持著友好、和平的宗藩關係。今天，許多日本人和美國人錯誤地聲稱中國強迫琉球納貢，但這是完全錯誤的。事實是，琉球人應中國皇帝的邀請，發起了中琉宗藩關係。琉球人是未來 500 年維持和發展這種關係的主要動力。那麼為什麼這種關係對琉球人 ​展开c,0,0,0
科技,#AI创意引发网友讨论##教育科技界热议AI##新技术革命席卷全球##生成式AI引发热议#【对话熊明辉：人工智能正面临规则挑战】 熊明辉认为，面对技术的演进，强行让技术发展停滞并非良策，通过完善规则、强化合作、注重人文关怀，可有效化解机器与人之间的冲突，从而让机器更好地服务于人类。   ​展开c,0,0,0
科技,紫燕百味鸡事件告诉你，餐饮界比股市还肮脏。科技狠活之下，大多数都选择了预制菜，节约厨师的成本。一个大餐馆，只需要几个稍微会厨艺的就行，调料包，冻肉，一年前都做好的。炒股顶多亏点钱，吃错东西命都折了。 ​,0,0,0
科技,转租西湖区三墩一室，整租厅卧分离随时看房，可以短租，也可以长租近浙大紫金港校区，紫金创业园，西城博司2号线三墩地铁站，紫荆龙湖天街，浙大森林，西湖科技园，西港发展中心，浙大网新！楼下还有免费健身房和台球室#杭州租房##杭州市-西湖区#@杭州租房小孟2杭州·三墩​,0,0,0
科技,12月6日，由中国国家话剧院推出的音乐话剧《受到召唤 · 敦煌》在国家速滑馆 “冰丝带 ”举办媒体专场演出。通过守护敦煌文明的两代青年在不同时空奇妙交错的故事，话剧用与剧中时代相匹配的多元音乐风格、多种舞蹈形式、多样态表达方式，为观众呈现出一台融合音乐、话剧、舞蹈、特技、电影，以及AI新科 ​展开c,0,0,0
科技,【张伯礼院士不说套话唠实嗑儿，盛赞世界中医药科技大会、长春健博会！】#张伯礼院士大赞长春健博会##2024长春健博会##当吉林的人参碰上东北的锅包肉##长春健博会中医按摩圈粉年轻人#L吉祥新闻的微博视频​,0,0,0
科技,人工智能，牛啊！创新高啦！满仓持股，坚决不卖！今日大盘，低开震荡。上证指数，没啥大涨。科技板块，人工智能领头，全面反攻，大涨 3.07%，跟凸教授预判，严丝合缝！成交量，缩减了。这是好事！主力控盘，力量集中。就像拔河，主力攥紧绳，要大发力！盘面情况，有三点。其一，科技板块，人工智 ​展开c,0,0,0
科技,2024年11月21日，受邀中共黄冈市委党校邀请，北京前沿未来科技产业发展研究院院长陆峰博士，在黄冈市委党校给党校干部主体班作《加快推进新型工业化，构建现代化产业体系》专题讲座，县处级干部、科级干部、县市区年轻党员干部等200人参会。 ​,0,0,0
科技,#深蓝G318:走进藏区科技助学 让未来更美手牵手传递同一份爱心肩并肩托起同一份希望一起用微光点亮世界吧！ ​,0,0,0
科技,从美国大选后的动态与信息来看，未来中美之间的博弈预计会进一步深化，但中美博弈深化对我国利大于弊，更有利于敦促我国加速内循环建设，更有利于我国削弱美元增信国地位，更有利于我国切断对外利益输送链条，更有利于国产替代与科技自主，我国的科技产业将加速发展，我国的产业附加值将上移并继续提升 ​展开c,0,0,0
教育,#教资面试真题#24下中小幼【结构化时政】 码住、赞、收藏这条微博，内容在编辑，答案持续更新！一会儿考试的同学赶快码，赶快看！🙏🙏【姜姜】教资面试最新题目解析（文字版解析课件位置下载）O网页链接#教资面试#​​​#姜姜老师直播#​​​,0,0,0
教育,在未来要尽可能缩短教育年限 ​,0,0,0
教育,谢弗勒的定义是个高频考点，而且很多同学都容易搞混，我来说说如何做：1.如果题干问，从教育的陈述方式看，你就从教育口号，教育隐喻，教育定义里选，这个一般容易选。2.如果题干问，从教育的定义看，你就从以下三种选，其它选项都靠边站。（1）描述性定义：说明教育现状是什么，重在描述。（2）纲 ​展开c,0,0,0
教育,过几年大家就会意识到一个问题，上大学这件事实际上是不需要卷的。中国高等教育的毛入学率已经远远超过了美国。即使是号称高考地狱省的河南，高等教育的毛入学率也已经到57%了，也远远超过美国了。美国人上大学不难，就是因为大学学位的供给比较充足，现在中国其实供给比美国还充足。当然，在美国想念 ​展开c,0,0,0
教育,小学语数英学习抓重点，远离低效卷。孩子进入小学，开启一生中系统学习的宝贵时光。小学6年，学知识、提能力是成长的重点，放任自流不可取。但有的家庭盲目鸡、低效卷，孩子能力提高小，学习兴趣差，这也是走入了另一个极端。小学的语、英、数，都有各自的特点，顺应学科特点，发展核心能力，就会 ​展开c,0,0,0
教育,【教育翻车现场：娃偷偷拿了我的钱……】今年，我觉得是时候教孩子们一点“金钱观”了。作为一个充满教育情怀的老母亲，我煞费苦心地制定了一个零花钱奖励机制：每人每天20元，完成学习任务和家务才能。为了让这个计划更加正式，我特地跑到银行，换了一整叠崭新的20元钞票，数着那整整齐齐的一叠， ​展开c,0,0,0
教育,#张朝阳建议考试把百分制换成五分制#当我们在讨论这个问题的时候，一定要明白，别管是多少分，考试其实不是教育的目的，而是选拔人才的一种方式，清华北大各个985就那么些，肯定要有一个选拔方式的，那么选拔方式，更适合当前的国情更重要，还是更利于人才的培养更重要，这就是一个选择题了。 ​,0,0,0
教育,1964年，教员已经指出了当今教育的困境。“学生负担太重，影响健康，很多东西学了也无用。建议从一切活动总量中，砍掉三分之一。”“从小学到大学，一共十六、七年，二十多年看不见稻麦黍菽稷，看不见工人怎样做工，看不见农民怎样种田，看不见商品是如何交换的，身体也搞坏了真是害死人！”“现 ​展开c,0,0,0
教育,分享三张很实用的思维导图，一张图看明白小学语文、数学、英语到底学什么，知识体系是怎么样的。有需要的朋友可以收藏，打印出来给孩子看~#你好我的小孩##一起家庭教育#​,0,0,0
教育,就像24岁刚开始做#月经安心行动#的初心那样：要用我们的脚走遍祖国每一片大地。真实地去接触妹妹们，才会知道她们的处境，去不断改进，去用持之以恒的行动改变一个个真实的女孩的处境。感谢此次支教团的讲师们一路同行#予‮同她‬行#L予她同行_Standbyher的微博视频​,0,0,0
教育,#美上诉法院拒绝驳回TikTok不卖就禁法案#特朗普对这群老登的再教育从TIKTOK开始还相信美国会放过你，送你去养老。大选结束，TIKTOK没用了。对了这个判决由民主党和共和党法官一起做出。 ​,0,0,0
教育,初中数学基础知识～真羡慕现在的孩子，如果当年老师写成这样教我，我也能考上重点高中了 ​,0,0,0
教育,教资面试超话蹲蹲高中心理！求真题分享#高中心理健康教育教资面试##教资真题#希望大家都好运加持过过过！#教资面试#​,0,0,0
教育,上午去影院看了爆裂鼓手，在老钟接受了十几年打压教育的人实在是无法喜欢上里面的剧情，但歌真的好好听，ijazz人的视听盛宴，正片结束后一直在影院听到黑屏 ​,0,0,0
教育,【284项活动全域展开，这个大家喜爱的节日又来啦！】为贯彻落实“党的二十届三中全会精神”“全国教育大会精神”，持续推进“率先建成高质量学习型城区”的目标任务，12月6日，徐汇区第十九届学习节开幕式暨老年教育艺术节活动在徐汇区业余大学（上海市徐汇区社区学院）博翠校区举行。徐汇区委常委、宣 ​展开c,0,0,0
教育,"mo_onbyulTampa, FL꒰১໒꒱ ​​​最后一场美巡的麻辣教师文 ​",0,0,0
教育,#庄警播报#近日，交警巡逻时发现一辆面包车行驶缓慢，疑似超员，于是将该车拦停检查。经查，该车核载7人，实载11人。驾驶人称车辆搭载的都是前往附近工地的工人。执勤交警对乘员进行了安全教育，告知他们超员的严重危害，并要求驾驶人对超出乘员进行安全转运。最终驾驶人因驾驶7座以上载客汽车载人超 ​展开c,0,0,0
教育,一个孩子最大的快乐，是被允许做这些事1️⃣允许孩子做闲事白岩松曾说过这样一件事：世界杯夺冠之夜正逢周日，儿子第二天需要早起上学，但他仍答应了儿子通宵看球的请求。比赛进行到90多分钟时，儿子喜欢的球队仍以1:2落后，儿子绝望地哭了；91分时，球队终于2:2扳平；93分，比赛即将结束，球队临 ​展开c,0,0,0
教育,虽然说上阵父子兵，但我们还没有这样的机会可以一起在街头上干过架，毕竟对方太吃亏了。#亲子教育##父子情深##兄弟#O绿洲L呐咓-洪宏星adonis的微博视频​,0,0,0
教育,#AI创意引发网友讨论##教育科技界热议AI##新技术革命席卷全球##生成式AI引发热议#【对话熊明辉：人工智能正面临规则挑战】 熊明辉认为，面对技术的演进，强行让技术发展停滞并非良策，通过完善规则、强化合作、注重人文关怀，可有效化解机器与人之间的冲突，从而让机器更好地服务于人类。   ​展开c,0,0,0
教育,只工作不上班｜适合澳洲whv的100种职业如何选择靠谱的留学中介机构，需要推荐的可以按照下面格式发给我哪个城市的机构：广州、唐山，保定，洛阳，贵阳，大连，哈尔滨申请的国家：香港、新西兰，爱尔兰，墨尔本，阿根廷，法国，德国，美国，英国申请什么项目：常春藤申请、2+2留学你的专业：通 ​展开c,0,0,0
教育,对于恶的憎恨，以及对于善的过分追求，都同属于恶，都是恶的变化形态而已。所以，圣人允执厥中，以万物为刍狗。春风社学堂超话春风社超话#传统文化##修行##庄子#​,0,0,0
教育,"你们中午吃饭了吗？炒菜了吗？哈哈哈#性教育,我骄傲#大家看懂我的吗？ ​",0,0,0
教育,#2024年宪法宣传周#【宪法宣传教育的重要性体现在哪里？】12月4日，是我国第十一个国家宪法日，人民法院新闻传媒总社新媒体部组织“尊崇宪法与‘法’同行”国家宪法日主题直播活动。宪法是我们国家的根本大法，它伴随每个人成长，与每个人息息相关。那么宪法宣传教育的重要性体现在哪里？在直播活动 ​展开c,0,0,0
教育,【#多地中小学校长接连被查#】近期，教育系统反腐受到关注，多地出手整治基础教育领域不正之风和腐败问题，一批“蝇贪”“蚁贪”被揪出。12月6日，据“清廉永州”消息，湖南省永州市第二十八中学原党支部书记、校长杨春林涉嫌严重违纪违法，目前正接受冷水滩区纪委监委纪律审查和监察调查。一个多月 ​展开c,0,0,0
教育,山西省教育学会学生生涯规划指导专业委员会升学指导工作站火热征集中，快来扫码申报吧！#生涯规划##山西新高考##新高考##升学指导#​​​,0,0,0
教育,人做的事情，多数是不对的。做题有盲区，说话有口误，炒菜盐多了，蒸馍碱大了，交流经常误解，判断总有偏差，结婚的不是最爱的，忙碌的都是厌烦的……但是我们全人类，百万年来，就这样顽强地活着，就这样没皮没脸地活着。也许在造物主眼中，我们所做的一切，都是对的。#孔和尚与教育#​,0,0,0
教育,考教育博士，非全日制难考一些，一般报录比20比1以上​全日制（第一年脱产的）容易很多，一般报录比都低于10比1，这个难度其实不是太大​但是难度也不会小，因为一个导师只录取一个人，而且考博的对手，大家实力都不太弱#考博##教育博士#​,0,0,0
教育,【百花亭下】2007年11月12日 下午本是监考，却被学校通知参加会议。行政楼三楼会议室，30多人到场。这学期很少露面的老曹笑容可掬。市委组织部派4人来校，其中一名是副部长。副部长介绍，准备在校内提拔两名正县干，也即提拔两名副校长，他们这次来校的任务就是考察人选。人选基本条件是，任副县干2 ​展开c,0,0,0
教育,#教资面试真题#上午考的最多的就是教育家精神，而且考的很细，可以看看以下答题方向，更精准！！ ​,0,0,0
教育,【#吉林公布滑冰馆屋顶坍塌事故调查进展#：工程质量不合格引发 6人被刑拘】#吉林滑冰馆坍塌6人被刑拘#12月6日，吉林日报消息，白城滑冰馆“11·18”坍塌事故调查进展公布。11月18日，吉林白城经济开发区滑冰馆屋顶发生部分塌落，事故未造成人员伤亡。12月6日，按照吉林省委安排，吉林省召开全省安全生产 ​展开c,0,0,0
教育,今天7:32，火星开始逆行啦！本次火星从12/07开始，一直逆行到02/24，彻底恢复全部能量要到明年4月。这次火星从狮子座开始逆行，提醒各位注意心脏健康，用眼健康。感情方面会有很多人跟旧日恋人有互动，或者是怀念过去的美好。恋情中的人会有点喜欢翻旧账。已婚未育的，双方可能会围绕着要孩 ​展开c,0,0,0
教育,#其他资讯#【#成都科幻产业发展规划来了#】12月6日，2024成都市文创业（数字文创）招商引智（北京）推介会在北京举行，会上，《成都市科幻产业发展规划》正式发布，这是全国首个城市科幻发展规划。《规划》根据成都各区域科幻产业发展基础与资源优势，布局“一核引领、两区联动、多点支撑”的科幻产业 ​展开c,0,0,0
教育,读再好的学校，父亲不理解自己有什么用？ ​,0,0,0
教育,很多人觉得幼小衔接就是提前学，这样小学就领先了。事实上，真正的学习好，不是靠抢跑，还是会听课，懂学习。而幼小衔接的核心作用就是用这一年时间让孩子们过度到小学，学会听课，交友，社交，沟通，了解小学和幼儿园的不同，学会整理自己、自己的物品以及管理自己的学习和规划。因此，在学前班阶段 ​展开c,0,0,0
教育,报！王子林新剧《穿到虐文后，金牌律师杀疯了》全集来咯穿越虐文，给短国普法轻松搞笑穿书短剧全集👇🏻D：O网页链接K：O网页链接📺：金牌女律师意外穿越进狗血虐文小说📖，化身普法使者 ​展开c,0,0,0
教育,看来很多人忙碌一生，却不明白真正的优先级是什么！分享这些人生原则给你: 家庭的核心是经济，而不是感情。职场的准则是价值，而不是努力。社交的关键是利益互换，而不是单纯的友谊。教育的目的是培养能力，而不是追求分数。健康的要素是自律，而不是医疗。爱情的基础是理解，而不是激情。创业的要点 ​展开c,0,0,0
教育,【黄石市中小学生科学教育展演活动】12月7日，黄石市中小学生科学教育展演活动在湖北师范大学附属磁湖中学举行。（记者 石勇 曹洋博 阮瑞褀 吴丹 程鑫）L黄石发布的微博视频​,0,0,0
健康,家长都可以用这种方法检查一下大孩子有没有脊柱侧弯。L儿科医生刘华的微博视频#儿童常见病必备手册##儿童健康守护者计划##健闻登顶计划#​,0,0,0
健康,一个月前，一位60岁老人，因为尿频、泌尿系统的不舒服，来找我看病，她因为这个问题，在当地已经看了两年左右的医生，都没有见好。我给她做了一些检查，尿常规没有发现问题，从妇科检查上来看，只是泌尿生殖道粘膜比较萎缩这种情况。因此，我给她开了雌激素软膏，让她局部用，每周用两次。一个月过 ​展开c,0,0,0
健康,#健闻登顶计划##女性健康研究#美-长期忽视女性健康研究到了必须改进的时刻！美-国家科学院、国家工程院和国家医学科学院（NASEM）发布有关女性健康的研究报告，并呼吁拨款$160给美-国立健康研究院（NIH）建立新的女性健康研究所。说实话，这篇报告真不是好时机，川普正打算整合NIH，较大幅度的砍掉研 ​展开c,0,0,0
健康,郁闷毁掉乳房，生气伤害子宫，远离坏情绪情绪不仅影响我们的心情，更深刻地影响着我们的身体健康。✔暴躁会存在子宫里；✔压力会存在于肩颈；✔郁闷会存在乳房里；✔委屈纠结会存在胃里；✔思维太敏感皮肤易过敏；这些略带夸张的说法给我们带来的启发在于，坏情绪往往伤害了我们的身体！生 ​展开c,0,0,0
健康,【#同样是糖吃这种更健康#】提到糖，关注健康的人可能会联想到蛀牙、发胖、高血糖等等，想尽办法控制糖的摄入。生活中打着“无糖”“抗糖”概念的产品更是随处可见。其实，糖类并非只有一种，其在营养上有差别，对健康的影响也不一样。所有的糖都是有害的吗？想吃甜食时该怎么办？#断糖60天的面部变化#​,0,0,0
健康,"#多喝水能缓解多种健康问题#水是生命之源,对于维持人体的正常生理功能至关重要。医生提醒,多喝水不仅可以保持身体健康,还能有效预防多种疾病。具体哪些疾病需要适当多喝水，又有哪些需要注意的呢？医生告诉你养生超话#微博声浪计划##一条音频告别2024#雨之媚的微博音频​",0,0,0
健康,【2024#世界传统医药大会#】2024世界传统医药大会于12月3日至4日在北京举行。此次大会由中国国家卫生健康委员会、国家中医药管理局、世界卫生组织和北京市人民政府共同主办。会议旨在提升全球传统和补充医药的可及性，将其更好地整合进世界各国的卫生保健体系。#全民健康覆盖##人人享有健康#在开 ​展开c,0,0,0
健康,天生松弛。怎么办啊？#女性健康#​,0,0,0
健康,王曼昱超话⛽#王曼昱vs卢茨#王曼昱加油加油加油！健康完赛！🎉😘LNuyoah-鱼的微博视频​,0,0,0
健康,#健康科普汇#【奶茶治愈了冬季，却在5个方面“背刺”健康】#添加糖摄入量越高骨关节炎患病风险越大#近日，《公共科学图书馆期刊》杂志上发表的一项新研究发现，添加糖的摄入量越高，骨关节炎的患病风险越大，比如软骨下骨硬化、骨质增生、滑膜炎症和软骨损伤，尤其是女性、体重指数低的人。（生命时报 ​展开c,0,0,0
健康,【“心领域”的科学探索 第83期科普中原讲坛在郑州举行】2024年12月6日，第八十三期“科普中原讲坛”在郑州举行。本次活动由河南省科学技术协会、河南广播电视台联合主办，河南大象融媒体集团、河南省农村专业技术协会承办。本期讲坛邀请国家优青基金获得者、河南省卫生健康系统十大杰出青年、郑州大学 ​展开c,0,0,0
健康,看了昨晚的两段赛前发布会，记者提问了不少关于格拉利什的问题，我摘一下中文，就不做视频了Q：杰克·格拉利什的表现如何？你会不会继续让他担任这样的角色？瓜：他表现得非常好，我们为他和球队感到高兴，希望他能在接下来的比赛中保持健康。Q：格拉利什具备担任中路角色的能力和技术，当你几年前 ​展开c,0,0,0
健康,早点睡吧，不然太容易做坏事了 ​,0,0,0
健康,【#真正补血的8种食物#】#红枣红糖真的补血吗#什么食物可以补血？许多人立即会想到红枣和红糖。它们真的是补血佳品吗？红枣、红糖，真的补血吗？红枣和红糖，长期以来在传统观念中被视为补血佳品，但深入了解其营养成分会发现，这种认识并不完全准确。红枣富含维生素C、维生素E以及各种微量元素 ​展开c,0,0,0
健康,#课间延长到15分钟学生在干啥#【#课间一刻钟快乐900秒#】“每个课间心情会重置一下，开心！”“出去玩了玩，体测成绩都变好了。”“放松一下眼睛，避免近视。”秋季学期以来，全国多地学校课间延长至15分钟，鼓励学生课间“出去走一走”。打乒乓球、玩飞镖、踢毽子、做游戏……课间休息这件关键小事， ​展开c,0,0,0
健康,科普超话#健康#L中医科李曰庆主任医师的微博视频​,0,0,0
健康,中午在电梯前听到一位父亲接女儿放学。父亲问女儿今天上课怎么样？女儿用手机照着镜子说，还行吧，但是我想马上回家。父亲问怎么了，女儿说：“因为我觉得我今天头发很丑。”在进电梯后，父亲在站在女儿面前，默默帮她整理了两下刘海。他并没有因为青春期的女儿在意自己的容貌没有在意自己学习而在言 ​展开c,0,0,0
健康,"以前，父母很忙,孩子，基本是放养。现在，父母很用心，孩子，基本上是圈养。以前,孩子跟大自然接触,能蹦能跳,身心健康,不怕困难。现在,孩子的生活,只有学习和父母的唠叨。天性得不到释放，玩又没玩好，学又学不透，在焦虑和自责中来回摩擦。心理学提示，孩子在各种运动和玩耍中，可以 ​展开c",0,0,0
健康,【#深圳首家外商独资医院#要来了 ！】深圳卫视&壹深圳客户端记者从12月6日举行的#2024深圳全球招商大会#上获悉，绿叶医疗集团与深圳市卫生健康委达成签约合作，计划在深圳试点建设首家外商独资医院。深圳超话O深圳首家外商独资医院要来了！（编辑 / 刘雅婧） ​,0,0,0
健康,#余姚糕点大赏#余姚糕点文化底蕴深厚、种类丰富，是美食文化的耀眼明珠。梁弄大糕制作精良，色白面红、味香粉糯，制作工序达十多道。陆埠豆酥糖历史悠久，选料讲究、做工精细，配料天然，制作技艺复杂。水碓年糕选料和制作手法关键，制作过程分七步。状元糕历史久，糕面图案有讲究。耐糕耐饥，制作工 ​展开c,0,0,0
健康,【#冬季咳嗽用药有讲究#1234原则记心上】咳嗽来袭，别乱吃药！专家说：①咳嗽是身体在自我保护，别着急止咳；②抗生素非万能，病毒咳嗽它无效；③硬扛不是法，及时就医才是道；④有痰就祛痰，选对药很重要！点赞+关注，记得科学用药，守护健康哦！LCCTV生活圈的微博视频​​​,0,0,0
健康,看来歌手都知道香港特产枇杷膏，《魔法坏女巫》宣传，记者带来枇杷膏给主创，辛西娅·埃里沃和乔纳森·贝利都是舞台剧表演老手，经常用，赞不绝口。爱莉安娜·格兰德虽然没用过，但也听说过。L看电影的微博视频​,0,0,0
健康,不知道吃多久面条才能攒钱去一次😎#养生spa足浴足疗 #窈窕淑女spa馆L张洁仪的微博视频​,0,0,0
健康,这一幕看着真让人心疼，王楚钦超快速救球，一下子趴在了桌子上，用力太大了，肚子应该是磕到桌子边了。看着他用手捂了肚子一下，就知道一定是磕疼了。王楚钦打球真的是用生命在打球，每一场比赛都拼尽全力。赢得比赛很重要，但是健康完赛更重要，王楚钦好好照顾自己。#王楚钦#​,0,0,0
健康,#真的建议喝咖啡时加点牛奶#这是我每天办公室自调的饮品：一袋黑咖啡、一盒纯牛奶，然后一起倒入一个密封性很好的杯子里摇晃，使之充分融合，晃出细腻的泡泡后，一杯醇香拿铁咖啡就做好了，味道相当的可以～​,0,0,0
健康,主题是蕾但一点也不蕾💥很健康💭💭💭空色轨迹Riano超话​,0,0,0
健康,#王一珩熬最晚的夜养最狠的生##我家那小子#王一珩的朋克养生日常，简直就是我们这一代人的写照，熬夜、养生两不误，健康与快乐同在！ ​,0,0,0
健康,#王一珩熬最晚的夜养最狠的生##我家那小子#王一珩的朋克养生哲学：熬最晚的夜，也要养最狠的生，因为生活就是要随心所欲，但也要为自己的健康负责！L兔色試剂的微博视频​,0,0,0
健康,【四川雅安：大熊猫国家公园拍摄到#雪豹进食#珍贵画面】近日，大熊猫国家公园四川雅安片区的红外相机记录下了雪豹进食的珍贵画面。雪豹是全球分布海拔最高的典型猫科动物，被称作“高海拔生态系统健康的气压计”。作为高山生态系统食物链的顶级捕食者，其活动区域象征着该生态系统的健康、稳定，以及较 ​展开c,0,0,0
健康,#减肥或可预防或延缓阿尔茨海默病#中医鬼才倪海厦:老人痴呆症的主要原因是什么?听听倪师的讲解倪海厦探讨老人痴呆症和骨质疏松症的主要原因，指出这些疾病是现代西药副作用所致，特别是对肾脏的……#一条音频告别2024##音频赋能计划#听见微博超话峰哥一切为了健康的微博音频​,0,0,0
娱乐,#王源否认大学选修武术##王源给自己打戏打及格分#昨日《孤星计划》首映礼，@TFBOYS-王源回应大学选修武术传闻：“哪个网友说的给他揪出来，假的，错得离谱。”被问拍摄打戏难不难，王源表示非常难、非常累，“在导演和武术指导的帮助下，完成得算及格分。”（视频cr水印）L新浪大文娱的微博视频​,0,0,0
娱乐,密码的怪不得万家雷，这马上嘴了半个娱乐圈。 ​,0,0,0
娱乐,#乐华将举行全球选秀##乐华娱乐将举行全球选秀#乐华娱乐将举行2025年全球选秀，招募视频中目测是非公开练习生报名条件：2006年至2015年生L哎一股清流的微博视频​,0,0,0
娱乐,#汪苏泷大娱乐家新年限定演唱会#那几年因为特殊的状况《大娱乐家》演唱会一次次被迫取消，但是汪苏泷发专辑的步伐停不下来，发了新专辑之后，演唱会也只能换新主题move on了，大娱乐家的取消留下了巨大的遗憾。汪苏泷举办了精彩绝伦的《大娱乐家》线上演唱会，这场演唱会已经办得很完美很有诚意了，我 ​展开c,0,0,0
娱乐,《还珠格格》里的小燕子赵薇，曾给一代人带去欢乐，如今却历经风波、淡出大众视野。“滚滚长江东逝水，浪花淘尽英雄。是非成败转头空。青山依旧，几度夕阳红。”本是古人感慨世事无常的词句，有人拿它来缅怀琼瑶，字里行间透出的豁达与沧桑，细品之下，又像映照了赵薇这些年的跌宕人生。娱乐圈 ​展开c,0,0,0
娱乐,她开开心心的 敬业的迎接每个角色每次却换来的都是不公的对待我特别想问娱乐圈是不是认为不是资源咖的人就活该这样成为资本的奴隶❓ ​,0,0,0
娱乐,深夜的碎碎念：现在成都的博主圈也好卷啊，求求能不能每次发信息前去求证下或者有靠谱的信息源？不要听风就是雨。比如《封神2》《孤星计划》《天才游戏》在没定档或刚定档就发要来成都路演，可能站在运营角度是吸更多的粉，但站在片方或其他媒体\博主面前，舆论就会倒逼去求证，给大家造成不少不 ​展开c,0,0,0
娱乐,神金。刚登录我朋友的薅刷了会儿慢脚 看到好多小露人发“已经脱敏了 我们茶茶/小茶茶/小茶真可爱”大为震撼。嘿称就是嘿称，你不能因为自己脱敏了就把这些伤害二次提起，进行二次伤害。嘿称可以脱敏，但绝不能娱乐化，不该把嘿称舞出去。很简单的道理，路人明明不知道这个嘿称，你一用路人就好 ​展开c,0,0,0
娱乐,孟姐内娱人脉还是可以的，还有一会咱们孟姐新剧《九重紫》就要开播啦，迫不及待了哈哈哈哈哈#孟子义人脉##九重紫#L一只桃花猪的微博视频​,0,0,0
娱乐,几个🍉1、向太打算太贺峻霖为干孙子，就是为了明着表达对他的欣赏和支持，她们家就是这种爱到处认亲戚。2、傻狍子推过不少大爆的戏，像《少年的你》男主、《异人之下》的王也。反而和关格格的定情之作《甜蜜暴击》是从别的小生手里抢过来的。3、《还珠格格》要筹备新版了，就是琼儿媳妇筹备拍摄 ​展开c,0,0,0
娱乐,因热爱，聚超话！2024#超话大赏#重磅来袭！点击2024超话大赏，一起为永夜星河超话加满热爱，助TA成为#年度十大影视综超话#！ ​,0,0,0
娱乐,即将上映第二季的电视剧，你最期待哪一部？哪部会成为爆款🔥#娱乐##好剧推荐#一起追剧吧~L深夜慰藉所的微博视频​,0,0,0
娱乐,#下一站个旧#个旧阳山生态公园是市民们休闲、娱乐、健身的好去处。#世界锡都宜居个旧#​​​#个旧的四季#​​​,0,0,0
娱乐,#柏原崇悼念中山美穗##柏原崇说因为中山美穗参加情书试镜#7日，@柏原崇发博悼念中山美穗，他称当初因为想见中山美穗，所以参加了《情书》的试镜，最后如愿以偿。“第一次见到中山美穗，被她耀眼的光芒震撼”，“我依然无法接受这份现实，只能像不停呼喊的博子一样，怀着祈祷的心情，期盼着。愿您能安 ​展开c,0,0,0
娱乐,2024 年 12 月 6 日，一位阿里大文娱高管发表的讲话引起了大家的关注：“……优秀的人才，比如美术和策划这些，我们能用 AI 工业化去做抗衡，不需要太多的人……十到十二年灵犀做到全国第二，我跟你们讲那时候的感觉是什么，阿里大文娱会在十五年内做到全球娱乐业的老三，为什么是老三呢，第一是奈飞 ​展开c,0,0,0
娱乐,【#周杰发长文悼念琼瑶#】#周杰说琼瑶只是自己关上了大幕#12月7日，@周杰小学生发文悼念琼瑶：我是万千个琼瑶小说读者中的一隅，那时的我刚刚从一个懵懂少年拿著青春的站票，闯进了自己的车厢，而行囊里装著琼瑶帮我打开的情感世界。命运竟然在十年后让我走进了她的生活。我至今还记得第一次接她的电 ​展开c,0,0,0
娱乐,#纯属娱乐开心就好#小店来了“大客户”，前后反差太大了…#意想不到的结局#L豫郑兴的微博视频​,0,0,0
娱乐,好一个【娱乐圈新型洗钱方式】❗之前的阴阳合同阴阳剧本❗现在又来一个【阴阳剧组】😡😡😡无论哪种方式，【侵害】的都是【普通人的利益】❗这是【中国文化事业发展的绊脚石】❗对观众不负责❗对幕后工作人员欺诈❗对演职人员吸血🩸🩸🩸【抵制无良剧组】还文娱事业一片清明😡😡😡  ​展开c,0,0,0
娱乐,#迈克尔杰克逊女儿官宣订婚##帕丽斯杰克逊订婚#6​日，迈克尔· 杰克逊女儿帕丽斯·杰克逊在个人社交平台晒照为男友庆生，有一张男友向她单膝跪地，手拿戒指盒的照片，她以此宣告自己被求婚成功。据悉，帕丽斯·杰克逊与音乐人男友贾斯汀·隆2022年开始交往。 ​,0,0,0
娱乐,#微博会员上天#“致，独一无二的星辰和你” 预祝微博会员号发射成功，穿越星河的不止有卫星，还有我对你最美好的祝愿，愿我们勇往无前不负相遇！O网页链接​,0,0,0
娱乐,？？？？？？？？zl你吓死我了你知道吗@微博客服​,0,0,0
娱乐,咱就是说，这是个很好笑的事嘛杨仕泽作为一个艺人一个演员出席活动连个造型师都没有，果然娱乐要你就是娱乐的嘛 ​,0,0,0
娱乐,qq扩列超话秒赞已开想扩点活跃的二次宝宝！ ​,0,0,0
娱乐,#腾讯微信团队##腾讯微信团队#我真的无语了，莫名其妙被封号，封禁理由也不说，打客服一直没人接，封禁理由起码要告诉我吧，除了刚被骚扰骂了人，想不到别的了，恶意举报也能成功我真是呵呵@腾讯微信账号客服@腾讯微信账号客服#腾讯微信客服##腾讯微信##腾讯#腾讯# ​​​,0,0,0
娱乐,虽然我都不知道我说啥了 ​,0,0,0
娱乐,#双轨 脱轨#这事儿闹得我都快看不明白了。我从一开始最纳闷儿的一点就是虞书欣的咖位居然要配一个我根本都不知道是哪根葱的男主。我还是一种天天挂在微博上不追星但看各种娱乐八卦的人，不出名的有名的或多或少我都知道这眼熟的名字，但从来不知道何与这个男人是谁。 ​,0,0,0
娱乐,先别哭！【乐华娱乐年会的时候谁cos了杜华？】，你知道答案吗？把#年终吃瓜冲浪测试#任务做一下，我们还有救！#非正式答题挑战赛#来《吃瓜冲浪答题赛》​,0,0,0
娱乐,哎呦，不错哦！我在黑夜告白超话荣升LV.10等级，获得了知名粉丝头衔！想和我一样晋级么？~ 想知道就来黑夜告白超话跟我聊聊吧~ ​,0,0,0
娱乐,迪丽热巴超话#迪丽热巴枭起青壤#🍒#迪丽热巴聂九罗#🍒#迪丽热巴#十年的青春被埋葬在娱乐圈可野玫瑰仍然没有枯萎@Dear-迪丽热巴​,0,0,0
音乐,张艺兴超话#张艺兴受到召唤·敦煌#北京站首演今晚即将开启！闪送一条定妆花絮，让人眼前一亮又一亮的百变小张老师@张艺兴今晚就要和大家正式见面了！#音乐话剧受到召唤敦煌#今晚”冰丝带“见！L张艺兴工作室的微博视频​,0,0,0
音乐,陈立农超话#陈立农青春为名全球巡回演唱会#“密室逃脱加载中>>>>”「青春为名」巡演限定单曲《密室逃脱》 特别企划当《密室逃脱》走入“密室逃脱”带着@陈立农的音乐buff一起揭密未知的美好*本次活动为首站上海场限定单曲特别联动，详情参考海报内容*我们12.28现场见🍬​展开c,0,0,0
音乐,周震南超话🌊#周震南音乐节#海风拂面，晚霞渐染，音符和微风一同谱写下属于@VvvVvV周震南的音乐故事～尖叫准备，今晚见啦！ ​,0,0,0
音乐,SNH48超话#王者电竞派对音乐节#接近相见的时刻，全力以赴！舞台彩排图公开！*今日见面会现场可通过官方小程序购买合影礼包 ​,0,0,0
音乐,由@TME_official@易烊千玺JacksonYee工作室联合出品的《过塘》 —— 易烊千玺浴池音乐会（Live）上集正式上线，戳👉O网页链接千玺翻唱了经典的《月亮代表我的心》以及充满欢乐氛围的《我爱洗澡》，独特的旋律搭配他极具感染力的嗓音，带我们进入了一个别样又惬意的浴池音乐世界。  ​展开c,0,0,0
音乐,清清wjx超话#2024年挑战者杯宣传片##这场挑战全视即我#音乐小子上线🎶#竞浪大会#​,0,0,0
音乐,拯救歌荒系列第7集，本期有来自22种曲风的31首冷门宝藏音乐。每首都足够精彩有趣，同时每首在音乐平台的评论数都不超过999。希望能扩充你的歌单，帮你探索更多不同的音乐风格/制作人LLKs--的微博视频​,0,0,0
音乐,他说，“我家的浴缸好好坐”#易烊千玺过塘##易烊千玺浴池音乐会#​,0,0,0
音乐,“爱着你，像心跳，难触摸”看到这一幕我也要碎了@TFBOYS-易烊千玺#易烊千玺浴池音乐会##易烊千玺手臂肌肉线条#L鬼王教教主的微博视频​,0,0,0
音乐,一不小心自己剧透了新歌首唱的消息🙊各位蓝朋友们今晚见💙💙💙#苏妙玲蓝朋友广州音乐会#L苏妙玲Wan的微博视频​,0,0,0
音乐,宋亚轩超话【14:40 第三轮原创团建】复制发，每人一轮至少12条原创补做酷我青少年微博正文自己号做完的来领号团建微博正文不会打榜的直接看保姆级教程微博正文全民学习发贴神器，解放双手微博正文每日必做三平台挂播，教程 ​展开c,0,0,0
音乐,​上帝的珠宝掉落一地，所以我看见满天繁星和你的眼睛@卡布叻_周深❤️🐬🐬🐬🐬🐬🐬🐬🐬🐬🐬#周深新歌战·永不言败#「少管我」LIVE MV～L周深工作室的微博视频《战·永不言败》Q音：K战·永不言败#腾讯音乐由你榜#​,0,0,0
音乐,易烊千玺超话那么 这个惊喜它就来啦谁懂！！太喜欢他这股劲儿劲儿的感觉了 慵懒松弛不经意  月亮代表我的心真的很不一样好喜欢 我爱洗澡～皮肤好好～呜ooo～噜啦啦噜啦啦噜啦噜啦嘞～好可爱期待下半场…#易烊千玺浴池音乐会##易烊千玺过塘#​,0,0,0
音乐,宋亚轩超话#腾讯音乐由你榜#🎵QQ音乐：K体贴K体贴-时代少年团-宋亚轩#宋亚轩体贴#你巡演 我应援 你拿奖 我欢呼 你成功 我骄傲 我们就像两条平行线 永远不能相交冬季限定：L时代少年团-宋亚轩的微博视频​​​@时代少年团-宋亚轩​,0,0,0
音乐,#腾讯音乐由你榜#🎵酷狗音乐：O网页链接K体贴-时代少年团-宋亚轩#宋亚轩体贴#一定要，爱着点什么。它让我们变得坚韧，宽容，充盈。业余的，爱着。L偶成春日丨宋亚轩的微博视频@时代少年团-宋亚轩​,0,0,0
音乐,张泽禹超话💚#禹事不慌张#💚#唱作音乐人张泽禹#吉他弹唱《想去海边》张泽禹全力以赴 人间值得@TOP登陆少年-张泽禹L豁牙仔的微博视频​,0,0,0
音乐,张泽禹超话💚#禹事不慌张#💚#唱作音乐人张泽禹#你就像黑夜中闪烁的星星L张泽禹的唱片集的微博视频​,0,0,0
音乐,#张杰专辑要得音乐电影#花絮EP04——让时间静止的假人挑战！我们！做到了！（不是）（串台了）@张杰L张杰工作室的微博视频​,0,0,0
音乐,#腾讯音乐由你榜#.q音：K体贴K体贴-时代少年团-宋亚轩#宋亚轩体贴#我们会不断的努力，不辜负每一份关注的目光【宋亚轩颜值主唱】【宋亚轩人气TOP】L宋亚轩的留声机的微博视频@时代少年团-宋亚轩3D ​,0,0,0
音乐,那我进来咯热气腾腾的洗起来肯定舒服@TFBOYS-易烊千玺我不愿在踏入社会后，转瞬就沦为那种索然无味、被世俗催熟而世故圆滑的成年人。我心底始终期望，能留存那颗纯真无邪的孩童之心。#易烊千玺浴池音乐会#/#易烊千玺 我爱洗澡#/#易烊千玺边泡脚边唱#​,0,0,0
音乐,#宋亚轩在有风的地方唱歌#超级喜欢亚轩宝宝唱的歌#体贴-时代少年团-宋亚轩# ​,0,0,0
音乐,#猫猫厨推歌#这简直就是天选代餐歌（两个都能一起代了）Carter James《Parallel Universe》KParallel Universe（@网易云音乐） ​,0,0,0
音乐,【回忆满满！#以歌之名回首2024#】#9首歌送给追梦的你#音乐，总能在不经意间触动心弦，给予我们希望与力量。2024年，哪一首歌你曾单曲循环？和@陈丽君_点绛唇@卡布叻_周深@UNIQ-王一博@摩登兄弟刘宇宁@X玖少年团肖战DAYTOY@张杰@魏大勋@刘宇Yu_@王铮亮等一起，以歌之名回首2024。最后一个月 ​展开c,0,0,0
音乐,这孩子跟着背景音乐一起搓碟、、给我笑完了L河南碳水之全人类的微博视频​,0,0,0
音乐,王俊凯超话#王俊凯骆驼品牌全球代言人#【互评】#王俊凯电影刺猬##陪王俊凯奔赴每一个十年#晚霞洒遍鲜花 都不如你这朵玫瑰惹人喜爱𝒯𝒽𝓮 𝒻𝓁𝓸𝓌𝓮𝓇𝓈 𝒶𝓇𝓮 𝓃𝓸𝓉 𝒶𝓈 𝓁𝓸𝓋𝓮𝓁𝓎 𝒶𝓈 𝓎𝓸𝓊𝓇 𝓇𝓸𝓈𝓮 ​展开c,0,0,0
音乐,坚定地想让大家学会“耶一耶一耶一耶一耶一耶”的oueiija和闷头大睡的p'to毫不意外会一起去大山音乐节呀😌©pepear tiktok 241207L我不是风早君的微博视频​,0,0,0
音乐,【实时播报】美好大盘倒计时 ​,0,0,0
音乐,肖战超话#肖战实体专辑预售#xz#肖战专辑我们#他用多变嗓音，编织音乐绮梦，或激昂、或深情，每首歌都是独特故事，这是一份不能错过的礼物@X玖少年团肖战DAYTOY#我们的多棱镜#肖战《我们》K我们@QQ音乐L肖战工作室的微博视频​,0,0,0
音乐,周深@卡布叻_周深，我喜欢林间山野的路，山野平川的向日葵，青瓦屋顶的白，还有每一天的你。🌾🌾🌾🌾🌾🌾🌾🌾🌾🌾#周深王者荣耀品牌代言人#《看见我》LKPL王者荣耀职业联赛的微博视频《战·永不言败》Q音：K战·永不言败#腾讯音乐由你榜#​,0,0,0
音乐,宋亚轩超话#宋亚轩体贴六榜第一##宋亚轩楼永一#你是天国的花园，有着千变万化的风采。你是星际的云海，有着遥远梦境般的温柔。当天气秋凉 一当树叶泛黄 一我们的爱变得冠冕堂皇#腾讯音乐由你榜##体贴-时代少年团-宋亚轩#@时代少年团-宋亚轩​,0,0,0
明星,今天不做演员 只想带你一起体验赛车🏎️#明星v放送##肖燕的每周五生活周报#L肖燕的微博视频​,0,0,0
明星,尖叫之夜男明星出图：张凌赫｜丞磊｜田嘉瑞｜王星越｜邓为｜侯明昊｜陈哲远｜魏哲鸣#尖叫之夜男明星出图##尖叫之夜出图速度#​,0,0,0
明星,我想说，大陆的女演员一般很少发声的。一旦发声，那就一定有问题。我们希望多一点女演员的声音！我们应该多多支持女明星发声！这样女明星才不至于那么容易被资本裹挟！而不是以“卖惨”污名化这种发声。有些人要有长久意识！因为女明星是一个群体！你现在射向虞书欣的子弹，也许未来也会射中 ​展开c,0,0,0
明星,#尖叫之夜出图速度#来看明星尖叫之夜出图造型，虞书欣、张凌赫、罗一舟、丞磊、侯明昊、田曦薇、李一桐、陈哲远，期待帅哥美女的红毯呀L报姐说的微博视频​,0,0,0
明星,张凌赫超话▾#尖叫之夜主打passion#落雪流辉，月华如练。街角执伞而立，注目一场雪夜的冬日来信，稍后#2024爱奇艺尖叫之夜#见。@张凌赫z​,0,0,0
明星,啊！！！ 又是换防没明白！！！文森特你扑啥扑！！！ 被这样被特雷杨绝杀了#詹姆斯生涯41000分##勇士寻找明星球员搭档库里##特雷杨绝杀湖人#​,0,0,0
明星,#尖叫之夜直播#尖叫夜红毯来了，啊啊啊大明星成毅要来了，万人瞩目，非常期待，三年三爆，待播大男主剧集万众期盼，不限题材扛剧生闪耀爱奇艺尖叫之夜大男主@成毅，我们一起为成毅尖叫啊啊啊#尖叫之夜红毯#｜#成毅 爱奇艺尖叫之夜#L那一片绿海_的微博视频​,0,0,0
明星,范冰冰悼念琼瑶，赵薇悼念琼瑶，林心如悼念琼瑶。琼瑶遗体火化和花葬下周三（11日）进行，上午9点举行简单家祭火化，下午在阳明山举行花葬。琼瑶捧红了这么多明星，看看谁会去现场参加花葬？ ​,0,0,0
明星,这种体量的明星，团队都是自己人，也有100%话语权，但是粉丝还是会觉得自家艺人是小小打工仔，工作人员都欺负他们。这是娱乐圈的通病​,0,0,0
明星,补档一支不太一样的直拍是朱志鑫第一次出晚会外务，也是第一次出现在江苏卫视。当时我被安排在了舞台摇滚区，全程几乎只能看到背影，拍不到什么索性就一直在喊他的名字，其实我这个视角光和水还蛮漂亮的，模糊朦胧，水光交织，明明是全场最近的位置，却感觉比所有人离得都要远。我记得当时有两个舞 ​展开c,0,0,0
明星,#尖叫之夜红毯#尖叫之夜红毯已经正式开启了，十个勤天现身现场，看起来状态好好啊……接下来陆续还有好多明星出现，超级期待，超级激动啊。#尖叫之夜海报站位#​,0,0,0
明星,#林高远##成都混合团体世界杯#嘟嘟小嘴点点小脑袋LClear-sky-z的微博视频​,0,0,0
明星,小哥哥你...（新发的🫘）同样的动作和bgm🥹🥹#张凌赫雪中执伞#​,0,0,0
明星,241207 Counting Stars 数星星上海签售会🥲Ltwobytwo的微博视频​,0,0,0
明星,路人：哪个明星来，怎么这么多人怎么只有粉丝，本人也没来啊（sorry，很多明星就算到场可能都不如祺应援打卡人多……） ​,0,0,0
明星,#张杰专辑要得音乐电影#花絮EP04——让时间静止的假人挑战！我们！做到了！（不是）（串台了）@张杰L张杰工作室的微博视频​,0,0,0
明星,六星街里还传来，复活请求吗～#非正式跨年派对##非正式答题挑战赛#转发一下，送我一条命再战！这一次，我一定拿下鞠婧祎铁杆粉丝称号！#鞠婧祎安利进行时#答题挑战赛​,0,0,0
明星,宋亚轩超话表情管理顶级的大明星～@时代少年团-宋亚轩我的心跟着那根亮闪闪的发饰晃啊晃啊晃🥰#腾讯音乐由你榜#q音：K体贴K体贴-时代少年团-宋亚轩#宋亚轩体贴#【宋亚轩颜值主唱】【宋亚轩人气TOP】LbabySong·宋亚轩的微博视频@时代少年团-宋亚轩​,0,0,0
明星,#赵丽颖新加坡红毯#zly#赵丽颖 我觉得今天很nice#新加坡电影节修15p乔妍大明星来了​,0,0,0
明星,#白鹿蝴蝶兰大片#特别特别适合花朵元素的女明星人比花娇🌸因为白鹿@白鹿my出场即出圈的美貌和落落大方亭亭玉立的身段气质，本人宣布已经成为她的红毯颜粉​,0,0,0
明星,摩登兄弟超话#超话大赏##年度十大星动超话#2024超话大赏#刘宇宁尖叫之夜出发路透#你在我面前永远都闪闪发光，就像整个宇宙的星光都洒在你身上🥰♡ℒ𝒾𝓊 𝒴𝓊 𝒩𝒾𝓃𝑔♡摩登兄弟刘宇宁🍋刘宇宁🍋lyn🍋宁哥🍋棚主《无心生大梦》K无心生大梦​,0,0,0
明星,这是宇文玥，我吻了上去。 ​,0,0,0
明星,李柱延超话🐱#李柱延画报人生#241203 泡泡摩奇签售 上海奔富向钱🧧cr.shizukuorange🐈柱延个人ins: tbzuyeon【DID认领】❄️微博正文❄️【生日点亮】🩵微博正文🩵【招新】🐱微博正文🐱 ​,0,0,0
明星,发布了头条文章：《胡静怡：向王霜学习，希望将来进江大女足》O胡静怡：向王霜学习，希望将来进江大女足​,0,0,0
明星,额，奇豆买了30元的，都给成毅了，瞬间就没了哈哈哈哈哈哈哈，余额老有90个奇豆花不出去，烦死啦！#成毅 爱奇艺尖叫之夜#​,0,0,0
明星,#孙艺洲解锁赛车手身份#看呐，孙艺洲顺利拿到赛照，成功转型赛车手。曾经《飞驰人生》里的角色局限已被打破，如今的他身着红色赛车服，帅气难掩，在赛车界开启新的冒险，他的每一次加速都将是对自我的超越，对梦想的追逐。 ​,0,0,0
明星,丁禹兮超话🤍#丁禹兮璀璨如星#🤍#向全世界安利丁禹兮#ʔ•̫͡•ʕ ‎·我许愿有一条很长的围巾 将我珍视的东西围在一起⛄️（别太美了啊啊啊宝宝你是我妈妈@丁禹兮​,0,0,0
明星,最原耽的情节不过是  首尔的初雪time  宋恩说穿着郑橙餐的外套踩雪玩  送出外套的人只裹个马甲慢悠悠地在边上跟着他  跟朋友吵闹着回到暖烘烘的练习室  又脱下沾雪的衣物练习双人舞唷~I fine ​,0,0,0
明星,闵熙珍谈及NewJeans时说：“开始这个项目，是因为我有明确的理由去做这个项目，认为当中存在有价值的东西能够向世界展示。我有信心对于好的作品，没有人能拒绝。”闵熙珍还说：“和别人一起工作时，是将对方的才能与自己的才能融合使用。我会尽量不干涉对方，如果要按照自己的方式做，那就不需要和别 ​展开c,0,0,0
明星,milklove超话起太早犯困牛，怎么撑着头小憩都这么帅L奶牛鸡越来越fong的微博视频​,0,0,0
明星,#业余志豪 我被双轨剧组坑了#剧组女一号亲自出来发声你们说208卖惨无病呻吟，现在真【业内】【普通人】出来控诉，是谁还在阻止剧粉【正常维权】❓是谁在压榨【普通人】【正常维权】空间❓这个双轨阴阳班底的破事我们就要把它撕开，今天谁来了都不管用哈​,0,0,0
明星,宋亚轩超话#腾讯音乐由你榜#🎵QQ音乐：K体贴K体贴-时代少年团-宋亚轩#宋亚轩体贴#入股宋亚轩是一项稳赚不赔的投资送我出门vlog：L时代少年团-宋亚轩的微博视频@时代少年团-宋亚轩​,0,0,0
明星,#汪苏泷说徐志胜唱歌像大叫驴#徐志胜《团建不能停》里一曲《怪天气》，歌词清晰如流水，调却如大叫驴般难以捉摸！L微博综艺的微博视频​,0,0,0
明星,#孙艺洲解锁赛车手身份#孙艺洲凭借赛照成为赛车手，开启全新身份之旅。回顾《飞驰人生》中刘显德的驾考坎坷，更显孙艺洲如今成就之不易。他身着红色赛车服帅气亮相，仿佛带着风的速度与激情，在赛车领域的未来发展充满希望与憧憬。L娱老汉的微博视频​,0,0,0
明星,防弹少年团中转站超话退坑急出 走v 都是金标p1 整图 210不包，p2 50不包一起收送有瑕的转r旻和出厂瑕的转r俊（卡是塞专辑里发） ​帮d出了抽人送5r ​,0,0,0
明星,#无名的人 一定要出人头地啊各位#张韶涵唱《雄狮少年2》的主题曲感觉一下燃起来了，生活好像有了希望，张韶涵的声音总能给人力量，让普通人觉得生活肯定会变好的，无名的普通人啊，我们一定会出人头地的！！L富婆的一万个墙头的微博视频​,0,0,0
明星,极地航行超话#极地航行 琴鼓双强将victory#这个跟《想你》真的适配度百分百！我和你的关系问你是否愿意隔着遥远距离我为你着迷无法舍弃我和你都在原地为何总是逃避即使这世界充满猜疑我却只在乎你只想和你 ​,0,0,0
明星,好家伙！都给我去看九重紫！！！昨天看孟姐新剧宣传的排面 今天就成我新的电子榨菜！！！果然就爱看点这种重生复仇的俗套剧情！！我的妈 孟姐演技不错啊 李昀锐也好帅！！！两人在一起好养眼！！！！！！！ ​,0,0,0
明星,随着中国8-0法国，乒乓球混团世界杯，第二阶段最新排名如下1 🇨🇳中国———得失局48/8—-积12分2 🇰🇷韩国———得失局44/20—积11分3 🇷🇴罗马尼亚—得失局39/26—积10分4 🇭🇰中国香港—得失局34/35—积10分5 🇯🇵日本———得失局33/31—积9分6 🇩🇪德国———得失 ​展开c,0,0,0
明星,任嘉伦超话风花雪月失色心间，只有你是年复一年的喜欢@任嘉伦Allen⁴¹¹#任嘉伦#rjl#任嘉伦DNA音乐节首秀#．嗨放派3收官总结L嗨放派官博的微博视频​,0,0,0
体育,#谷爱凌决赛摔倒#自由式滑雪u型场地世界杯云顶站女子决赛中，谷爱凌@青蛙公主爱凌第一跳中失误摔倒。在此前的资格赛中，谷爱凌89.50分排名第1。L中国蓝新闻的微博视频​,0,0,0
体育,羽生结弦超话#羽生结弦30岁生日#羽生结弦最新个人冰演巡演Echoes of Life首场将于生日当天——12月7日，在埼玉超级竞技场盛大揭幕❄️🎂12月7日、9日、11日为埼玉公演，第二站将在2025年1月3日、5日在广岛绿地竞技场，第三站2月7日、9日在千叶LaLa arena TOKYO-BAY举行。五星体育🎶全网独家 ​展开c,0,0,0
体育,祝羽生结弦30岁生日快乐！羽生结弦邀请你来看今天首场冰演！五星体育将在12月7日和9日分别带来羽生结弦《Echoes of Life》冰演的两场公演付费直播！#羽生结弦个人冰上巡演##羽生结弦Echoes of Life##羽生结弦冰演#L五星体育的微博视频​,0,0,0
体育,#王曼昱vs赤江夏星#🐟#王曼昱3比0赤江夏星#241206第二阶段循环赛 | 中国体育2#又被王曼昱帅到了#​​​,0,0,0
体育,#谷爱凌夺冠##谷爱凌李方慧包揽冠亚军#女子颁奖仪式现场！祝贺谷爱凌李方慧！#国际雪联世界杯在中国#L国际雪联的微博视频2张家口·密苑云顶乐园(云顶滑雪场)​,0,0,0
体育,CBA常规赛第14轮 - 狮群之夜！📅2024年12月7日 今晚 19:35🦁广州朗肽海本 -@山西汾酒职业篮球俱乐部📺直播平台：@广东体育频道@咪咕篮球🤔【两队近况】窗口期后的广州朗肽海本拿下近4场比赛的3场胜利后，球队排名来到第13位。新援麦考尔的到来让球队在拥有4名外援的情况下为教练组提 ​展开c,0,0,0
体育,希望图雷好好干有朝一日可以像弗格一样，把一家人都接来沈阳，在辽宁体育馆看你打比赛💪 ​,0,0,0
体育,羽超12月7日下午对阵厦门体育集团 vs 瑞昌羽球学院深圳羽众 vs 江苏天目湖多人兼项出战#世说新羽##羽超联赛#中国羽毛球队超话​,0,0,0
体育,羽超常州联赛1201安徽兴航 | 张佳晗 康嘉格 彭梓芯厦门体育集团 | 黄东萍 魏雅欣青岛仁洲 | 陈芳卉浙江竞体 | 吴梦莹 陈樊淑恬 章文筱 陈奕诺 ​,0,0,0
体育,被国米，送乌龙，2次点球取消，重注走水，搞的很郁闷。来！深度干货足球分析个英超两场。--------------------------------------------维拉想在垫底的南安普顿身上找回自信，如何客观的判断维拉的进攻能力？？----------------------------------------布伦特福德主场不败的战绩还能不能延续？坦 ​展开c,0,0,0
体育,"这三人坐一塊梦回""排队""，美好的回忆就突然勾起来了王楚钦孙颖莎 cr水印L我觉得可爱啊的微博视频​",0,0,0
体育,邱贻可：衣服又没拿何卓佳：天天给她拿东西邱贻可：这孩子真是L精神病院派来的猴子的微博视频​,0,0,0
体育,经过这三天混双越看越好笑了完全看出我儿对这个项目的“决心和厌烦”所以不用气不要焦虑…这也太好笑了这B混双 ​,0,0,0
体育,莎：别坐一块儿，得避嫌                                                           头：我不，我就要坐这儿！自己的名分自己挣（cr.见水印）L小蛋SZ的微博视频​,0,0,0
体育,#哈尔滨历史##发现哈尔滨##寻找记忆中的哈尔滨##老照片里的哈尔滨##老照片#【哈尔滨旧影】1942年，总部设在哈尔滨的俄罗斯法西斯党事实上的头目康斯坦丁·弗拉基米罗维奇·罗扎耶夫斯基(Константи́н Влади́мирович Родзае́вский)在位于哈尔滨市道里区中医街上的体育 ​展开c,0,0,0
体育,【#出现在四川花开天下的神级舞台#】从Livehouse到万人体育馆，王以太用作品打动了越来越多的人！距离在现场听@王以太不闪火唱歌还有7天！#2025四川卫视花开天下新年演唱会#王以太超话L金熊猫剧场的微博视频​,0,0,0
体育,龙卷风抓钱机真酷，想体验一番体育综合L小禾禾籽的微博视频​,0,0,0
体育,发布了头条文章：《胡静怡：向王霜学习，希望将来进江大女足》O胡静怡：向王霜学习，希望将来进江大女足​,0,0,0
体育,随着中国8-0法国，乒乓球混团世界杯，第二阶段最新排名如下1 🇨🇳中国———得失局48/8—-积12分2 🇰🇷韩国———得失局44/20—积11分3 🇷🇴罗马尼亚—得失局39/26—积10分4 🇭🇰中国香港—得失局34/35—积10分5 🇯🇵日本———得失局33/31—积9分6 🇩🇪德国———得失 ​展开c,0,0,0
体育,【转发祝贺！#谷爱凌滑雪世界杯夺冠##李方慧亚军#】今天，2024-2025赛季国际雪联自由式滑雪U型场地世界杯决赛在张家口崇礼密苑云顶乐园举行，中国选手谷爱凌@青蛙公主爱凌获得冠军。另一位中国选手@自由式滑雪U型场地李方慧获得亚军，恭喜！#谷爱凌首轮摔倒仍夺冠#via.央视新闻   ​展开c,0,0,0
体育,【#王楚钦最平淡的语气说最狠的话#】#孙颖莎口误把法国队说成韩国队#孙颖莎表示：“混双的配合经过前两场磨合，越来越好。针对韩国（摇头纠正）法国队的特点，我们也有一定的准备，今天整体的感觉不错。”王楚钦回应前两局比赛胶着，10比8时发球得分，淡淡地表示：“想着发死他。对方还是很强，打球很 ​展开c,0,0,0
体育,崽…商量下 下次能把包放边上么！或者🍬放兜里这全程拍了妹妹穿裤子旁边的你在找🍬就有点林高远超话@Eric-林高远L圆不隆咚YBLD的微博视频​,0,0,0
体育,采访L笑得我鼻孔都没啦的微博视频​,0,0,0
体育,最近有网友告诉我一个梗，球迷diss爱德华兹的时候喜欢叫他“华为”…解释为：爱德华兹+这个世界着急着要听年少有为的故事我能跟爱德华兹捆绑在一起被黑，也不差啥了哈哈哈哈哈哈，荣幸。而且确实是个很有意思的包袱，以后就华为了，好或者不好都能用👌🏼 ​,0,0,0
体育,马龙超话#马龙的荣耀之路主题展览#观影马上开始快来金逸影城CINITY厅看比赛吧L散装火龙果超市的微博视频​,0,0,0
体育,#张博恒玩滑翔伞腿软但嘴硬#张博恒玩滑翔伞人菜瘾大，嘴上说着不怕，身体还是很诚实的，滑下来的一瞬间听到茶茶声音都是抖的！哈哈哈有公开处刑内味儿了，不过u1s1第一次玩滑翔伞这个表现已经很厉害啦！，（想采访一下茶茶，下次还会玩吗？）#我家那小子#​,0,0,0
体育,#nba#今天播的这场比赛因为wemby不在少了一丢丢观赏性 加上科林斯被驱逐 马刺内线打得更艰难啦 进攻端只有尚帕尼c住了 第一节爆种后劲虽然不差但没有13x4哈哈哈哈 保罗也很不错助攻已经直逼基德纪录📝 国王人员齐整 打得好 期待下一场比赛！！！ 最后附上下班随舞L丨泱泱丨的微博视频​,0,0,0
体育,十二月七日，成都，世乒混团世界杯。去年的世乒赛，还有赠票，今年的混团赛一票难求，场内坐满场外堵满，火得一塌糊涂，这是为什么？#国乒8比0法国##国乒混团世界杯8连胜#L体域的微博视频​,0,0,0
体育,：10比8的时候你的发球直接得分 那个时候你是怎么考虑的头：想着发死他（外媒翻译：想着 fast哈哈哈哈哈哈哈哈哈哈哈哈哈🤣 ​,0,0,0
体育,🇲🇴学生的repo～人超好，帅到没边#汪顺#cr：O网页链接​,0,0,0
旅游,#浦城微新闻#【武夷山与浦城：携手举办旅游交流活动，推进两地旅游产业发展！】12月4日，浦城县文化体育和旅游局携手武夷山旅游协会，共同开展两地旅游产业交流活动。此次活动吸引了武夷山旅游产业机构代表与本地旅游机构代表齐聚浦城，旨在深入挖掘浦城县丰富的文化和旅游资源，进一步加强与两地旅游 ​展开c,0,0,0
旅游,#周末去哪儿#本周六（12月7日），约上游玩“搭子”，跟着赛事去旅行！去百丈湖国际旅游度假区感受滨水生活，体验2024年雅安百丈湖首届水上运动邀请赛带来的速度与激情。2雅安·百丈湖成都生活超话LJOJO去旅行1的微博视频​​​,0,0,0
旅游,前两天去遂宁开了两个会，第一次住在遂宁。原来，低调的遂宁是一座极其美丽的城市，尤其是夜游涪江，美景塞满了眼睛。还认识了几个美女，此刻，万物皆沉寂 ，唯有你们是在水一方的一抹旖旎。去遂宁旅游的最好季节是春天，冬天让这座城市体态臃肿。不过，她的身体已经怀上了明年的姹紫嫣红。遂宁 ​展开c,0,0,0
旅游,#李子柒邀你来四川过大年#12月7日，“2024四川省冬季旅游启动仪式”在九寨沟县举行，四川非遗大使李子柒头戴非遗漆珠发卡亮相，推介四川春节旅游，邀请大家共度佳节。四川作为春节发源地，将推出龙狮队伍、彩灯、灯会等庆典活动，共2394场音乐剧目，为游客带来精彩节日体验。#四川人的春节太会玩儿#​展开c,0,0,0
旅游,【#李子柒被平翘舌难住吃螺丝#】12月7日，#李子柒又营业了#。@李子柒头戴非遗漆珠发卡现身四川省冬季旅游启动仪式活动现场，推介四川非遗过大年时，被平翘舌音难住“吃螺丝”，网友狂刷屏鼓励“别紧张”！#李子柒为春节发源地打call#L四川观察的微博视频​,0,0,0
旅游,山东DAY8 📍烟台所城里—朝阳街—烟台山—张裕酒文化博物馆—月亮湾—东山栈桥—渔人码头—烟大小吃街—万象汇又是citywalk的一天🍂🍸下一站：淄博#本周日常##烟台##山东旅游#2烟台·烟台渔人码头​,0,0,0
旅游,12月6日晚，2024年“冬游广西”文化和旅游冬季大夜市（南宁主场）暨“跟着演唱会去旅行”嘉年华在广西体育中心隆重开幕。主会场广西体育中心喷泉广场现场打造了周深演唱会为主题的“在米‘深’边”打卡区，吸引众多粉丝前来打卡拍照。L930老友记的微博视频​,0,0,0
旅游,我的北京旅游照片。​,0,0,0
旅游,孙佳俊超话➕#泳创佳绩#上午澳门旅游大学的孙佳一点新闻直播cut#孙佳俊#@孙佳俊-（等我找到高清源再替换）L洛洛養狗日記的微博视频​,0,0,0
旅游,韩国和日本好像都要对咱开放免签了，有人说这是我们拖延症的胜利……嘿嘿……我完全就是这么想的啊…… ​,0,0,0
旅游,假装还在夏天#上海迪士尼##颜值#​,0,0,0
旅游,好家伙，晚上跟朋友玩嗨了，我还纳闷怎么一晚上没人催我回家呢刚进家门一看。家里没人。旅游去了又没带我​,0,0,0
旅游,#诗意徽源 和美绩溪##绩溪文旅资讯#“扬之讲坛”系列｜徽州传统建筑营造O“扬之讲坛”系列｜徽州传统建筑营造O“扬之讲坛”系列｜徽州传统建筑营造​,0,0,0
旅游,还没看九重紫，因为我今天要闪现西安，有没有西安的宝宝给点旅游建议，顺便西安汉服店多不多，要质感好一点那种，大概都在哪里，想去逛逛 ​,0,0,0
旅游,放假想旅游但是应该没有人想和我一起去玩儿可能是我做人太失败了也可能是天意证明我该好好画画好好学英语了，，有两个朋友到成都附近玩都不找我(好挫败)讨厌她们(呜呜) ​,0,0,0
旅游,#三秦四季#冬天的诗经里小镇，美不胜收沣河之畔，落日的余晖宛如神祇倾洒的金纱轻柔地覆于潺潺流淌的河面之上粼粼波光，恰似细碎的金箔随着水流悠悠荡漾极目远眺，广袤无垠的田野里麦田在凛冽的寒风中坚守着生机与希望L诗经里官方微博的微博视频​​​,0,0,0
旅游,旅游中的海恩 ​,0,0,0
旅游,#长沙滨河路梧桐树叶黄了#这是长沙最最浪漫的梧桐大道，沿着滨河路很长一段，梧桐树叶已金黄，光影婆娑，随风摇曳，真的感觉太美好了。地址在浏阳河边上滨河路，可以坐地铁6号线到隆平水稻博物馆下然后走1号出口，向西方向，找个晴天快去打卡吧！#长沙最浪漫的梧桐大道#L我爱长沙的微博视频​展开c,0,0,0
旅游,福州鼓山石刻，不得不说，这些石刻够水平。 ​,0,0,0
旅游,南宁到德天瀑布的合那高速沿途的风景，据说是最美的自驾公路之一，可惜只限亲历，因为手机拍不出眼睛👀看到的美景2崇左·德天跨国瀑布景区游客集散中心​,0,0,0
旅游,我的这位初中同学，是个男的，惊为天人，我活到这么大，第一次见到，我数了一下，一共发了60条朋友圈，除了第一条是祝妈妈生日快乐外，其余59条全部发的老婆！！！全部！！！哇！！！这个真的是纯情真爱，我真的又可以脑补一部小说了好吗，每次刷到他，一看又是老婆，虽然有点厌烦了，但是不得不说男界 ​展开c,0,0,0
旅游,#花儿与少年#花少6⃣️最后的晚餐有一个颁奖环节，被宋茜，刘烨，金晨和邓恩熙给感动到了，宋茜的颁奖词是愿Victoria永远Victoria🥹刘烨的是每一个片叶子都是独一无二的，但是你一定是最热爱生活的，真的很符合她们qwq。 ​,0,0,0
旅游,📍羊卓雍湖 | 有一种蓝叫羊湖蓝被羊湖的浪漫治愈的一天🎽2山南·羊湖景区​,0,0,0
旅游,道成岙-西岙-道成岙环线，横跨九阔岭菩提岭两条古道，一开始上坡路很多，坚持下来后又经过一段落叶铺就的小心翼翼的下坡段，中途还经历了找路屁股蹲（多亏一个自己一人爬山的年轻人引导），但蓝天红枫秋天的色彩斑斓治愈一切。作为膝盖受伤后第一次有点强度的运动，还是挺为自己自豪的。 ​,0,0,0
旅游,【注意！贵州梵净山旅游区部分景点暂时封闭】12月7日，贵州梵净山旅游区发布关于部分景点暂时封闭的紧急通知。主要内容如下：因受夜间强冷空气影响，梵净山旅游区部分景点出现凝冻。为保障游览安全，2024年12月7日梵净山旅游区木栈道（东线）、红云金顶、老金顶暂时封闭，具体开放时间可关注“梵净 ​展开c,0,0,0
旅游,2024.12.7珠海图书馆，风景，民宿。2023年再见！ ​,0,0,0
旅游,下了飞的，直奔圆明园，冬日游园，阳光、冷风、湖面、殿、树和鸳鸯鸟，还有健跑的学子2北京·圆明园​,0,0,0
旅游,一棵乌桕树便可以成为这个季节最美的风景。在这个最佳的观赏期里，不妨放慢脚步，走进新区的乡村田野或城市公园，去欣赏那一树树的乌桕树吧。它们不仅用绚烂的色彩装点了秋天的新区，更用丰富的文化故事和价值滋养了我们的心灵。让我们在欣赏美景的同时，也感受到大自然的美好和生命的奇迹。 ​,0,0,0
旅游,#寻美内蒙古#呼伦贝尔的冬天，是一幅壮丽的冰雪画卷，它以无垠的雪原、晶莹剔透的冰凌和银装素裹的森林，构成了一个梦幻般的冬日仙境。在这片广袤的土地上，冬天来得早且持续时间长，从初秋的凉意到深冬的严寒，仿佛只是转眼间的事情。随着第一场雪的悄然降临，呼伦贝尔便逐渐披上了一层洁白的外衣。 ​展开c,0,0,0
社会,【专家解读#春节申遗副标题有哪些内涵#】12月4日，我国申报的“春节——中国人庆祝传统新年的社会实践”，列入联合国教科文组织人类非物质文化遗产代表作名录。名录项目中的文字表述，#春节后面为什么有一个破折号#？为什么需要这样一个副标题再去定义春节？这个“实践”又代表着什么样的含义？戳视频 ​展开c,0,0,0
社会,关于“高三女生酒后被强奸案”。2024年11月，有网友在短视频平台发布视频称，今年2月29日，自己正在读高三的女儿，在晚自习期间被女同学带出去和社会上的男子喝酒，被多名男子灌醉后，被其中的两名20岁左右的男子强奸致死。11月20日，发帖网友王女士告诉扬子晚报记者，目前两名涉案男子已经以强奸 ​展开c,0,0,0
社会,#江秋莲的排面#1、微博文字和视频内容完全一致，发布时间高度集中，涉嫌有偿新闻，请@首都网警@山东网警@青岛网警关注；2、一批号称坐拥数十万甚至数百万粉丝的蓝V，发布2~4小时后，转和赞（不含评论区的赞）大都接近于零，表明它们的粉丝大都是买来的僵尸粉，这是欺诈行为，一欺诈广告客户，二 ​展开c,0,0,0
社会,什么年龄觉醒都不算晚年过半百也能为了社会的公正平等奋斗发声，是很酷的事​,0,0,0
社会,#魏牌全新蓝山#魏牌全新蓝山又又又一次交安全作业了，“高架桥坠落挑战”秀了把肌肉，也不忘践行自己的社会责任，给我们带来了一场安全体验活动，近距离感受魏牌全新蓝山可靠的安全性。咱们也得时刻记得：道路千万条，安全第一条。#智驾数码团#L科技小泷的微博视频​,0,0,0
社会,#女硕士#热知识 社会上不会有女流浪汉拐卖、qj、绑架哪一样都是重罪，结果加了结婚证就变成了轻飘飘的一句好心收留哦甚至连结婚证都没有，就因为她是这家人口中的“流浪汉”她拿到纸笔后，写下的第一个字就是跑…L绣球小兔比的微博视频​,0,0,0
社会,【#你好，明天#】#无底线的祁天道们早该凉凉了#网红“祁天道”被拘，账号被封。合谋摆拍，低俗直播，违背公序良俗，扰乱社会秩序，早该凉凉。为博流量无下限，蹭炒热点不可取！为了流量，贪图利益，蓄意造假，终被流量反噬。敬畏法律，遵守规则，方为大道；拒绝病态流量，矫正跑偏价值，才是正道。 ​,0,0,0
社会,很少因为社会新闻生气了。。。但是和顺县收留女硕士这个事真的还是震撼我全家。。十几年前经济最发达的时候理工科硕士，如果没有被人收留，她指不定在哪家大厂当高管，也会有家庭也可以有孩子，她的孩子可以从小接受很好的教育。而不是现在这样被迫在山沟沟里过了十几年。而且她家里有报警有寻亲，在疫 ​展开c,0,0,0
社会,#江秋莲发布谭斌道歉信和保证书#看了这个热搜下的广场，真的不得不感叹时代变了啊。结合这两天的“民调”（图），我感觉这就是反骗捐三个月以来最大的成功了。如果说理记发起的四个投票还是属于“样本选择偏差”，毕竟看理记微博的大多数都是理记粉丝，那么大风吹秦博主的投票可谓是中立的“民 ​展开c,0,0,0
社会,当你说古代社会有道德标准时，他们骂你封建糟粕；当你说现代社会不该卖身时，他们骂你不如西方。擦边粉这是封建社会和资本主义交合生出来的怪胎，这个怪胎能在中国社会大行其道，并霸占舆论主导，势必会造成更为严重、动摇国本的后果。不要觉得我危言耸听，思想立场的分裂，本质上是政治上的分裂。 ​展开c,0,0,0
社会,我天呢….当妈的看了这视频真想给她来两下子，甚至看到她第一下猛摔，后面我都没敢看。把一个新生儿直接高高举起丢飞在床上，我他吗平时丢手机都不敢这么丢。掐脖子，扇耳光，还有奶瓶打小宝宝的头。关键是这娘们好像还逃回国了……..​,0,0,0
社会,虽然但是，有反馈正常，没反馈正常，胡思乱想正常，大大啦啦正常，想逗人开心正常，想捋捋猫毛正常，一通瞎jb开炮有病 ​,0,0,0
社会,#双轨 脱轨#这件事会怎么收场？能改变什么吗​,0,0,0
社会,看到女生拿着行李箱走楼梯也能有这么多臆想​,0,0,0
社会,【祝贺成功申遗！#中国春节走向世界宣传片#上线】#怎样跟全世界介绍中国春节申遗成功#？看看这个！春节蕴含着中华民族和中华文明和平、和睦、和谐的价值追求，既是中国的，也是世界的。#中国春节双语版宣传片#↓↓给自己收藏，和世界分享。L人民日报的微博视频​,0,0,0
社会,#患者挂不到专家号为何陪诊师能#很多行业都有这样的中介，去旅游买不到票，有中介说加数倍给他们，他们能买到。整个社会风气弄坏了，这不就是股市里的内幕交易吗？ ​,0,0,0
社会,#虞书欣 雅典女神#call me📲我去干死☠他 谁❓阴阳班底诈骗你们🫵我去干他 不不不不不行❌❌这是错的❎❎因为👆这是法治社会⚖我们要用法律的手段👐让🥝得到制裁‼下一个问题🤌我🐟951这个东西需要你证明的❓❓你证不证明我都无所谓👐的时间🕐会给我证明一切🫵🫵我所有经历的事 ​展开c,0,0,0
社会,比起外蒙反华新闻，我对评论区中这类言论感到惊诧，我们会把外籍华裔说出“同胞”吗？中国蒙古族的同胞应该是其他55个民族呀，为什么要把外蒙古那群外国人说出“同胞”，我不理解！我认为这是极少数蒙古族同胞的错误认知，必须纠正！#蒙古国##蒙古##烽火问鼎计划##热门话题创作激励计划#​,0,0,0
社会,#女子面瘫从香港跑河南针灸#中医传承和易学一样，学的人多如牛毛，学成的人凤毛麟角，就造成了很多人不相信或者排斥；现在觉醒的年轻人越来越多，愿意投身研究的优秀人才也愿意进入，未来可期 ​,0,0,0
社会,#紫燕百味鸡事件#它不便宜的怎么敢啊对于这次的紫燕百味鸡有问题我是认可的，只是老爸测评历史翻车太多太多了，无论是自己收厂商坑位费还是带的品有问题，婴儿带的品都能有问题...这次的事件很明显也是想营销造势给自己加热度紫燕百味鸡事件 ​,0,0,0
社会,【西安野猪“逛街”，还跑进小区地库，警方：已妥善处理】12月7日，一则野猪跑进居民小区的视频在西安不少市民的微信群内流传。一名在路边停车的市民拍摄的画面显示，一头野猪肆无忌惮地在马路上游走。这名市民一声呵斥后，野猪转身从路边停车的缝隙中跑上人行道，随后消失不见。12月7日上午，西安国 ​展开c,0,0,0
社会,请你大胆一点，勇敢一点，这个世界没有什么大不了的。不讨好的勇气看完了，董润年继年会之后再一次探讨职场，从一开始就剑指当代职场人面对压力、孤独与自我认同时的种种困惑，以脱口秀为直抒胸臆的宣泄口去抒发这种“被排挤、不随大流”的苦恼，这一点还蛮好笑的，尤其是在想到脱口秀这个行业多舛的 ​展开c,0,0,0
社会,#紫燕百味鸡事件#我了个去，紫燕的夫妻肺片有这么大问题？？？我特么的，经常在楼下买一份回家吃啊，还觉得挺香的来着！这也能塌房？？？心态崩了​,0,0,0
社会,: 真亲了又如何？亲个嘴叫献身 这个娱乐圈有多人献？ ​,0,0,0
社会,【21年网剧】【箱庭的旅鼠】【EP04】【END】【1080P】【中文字幕】下载地址见评#冈山天音##深川麻衣##田中俊介##川岛润哉##鸟谷宏之##岩谷健司##铃木拓##内田慈##山本浩司#简介：故事讲述从SNS中产生的年轻人的社会问题，一共4部SNS惊悚作品。被SNS囚禁的人们，因为想要成为红人、想要“点赞”的认 ​展开c,0,0,0
社会,最新消息:这是办案过程无法透露，我道的团队大概率都拘留了！我道的最后一场直播甩人给丁一，丁一播的比我道更下三路，那视频发微博都发不了#网红祁天道被行拘##无底线的祁天道们早该凉凉了##如此低俗网红竟有4000万粉丝#​,0,0,0
社会,人和人如果不在一个维度上，那么无论你做什么，对方都觉得不对，所谓维度，不是社会地位，而是人品和认知事物的清晰程度。 ​,0,0,0
社会,#女子收骗子礼物后立即删了骗子#【急转！警惕新骗术！#骗子1小时内快递礼物引诱受害者#】前段时间，湖北武汉的刘女士收到一个陌生快递，提示可以免费领奖品。扫码进群后，客服称她中奖1瓶洗衣液，1小时就能收到奖品。果然，没过多久，刘女士就收到了快递员送来的洗衣液，价值40元。随后，客服又引导刘 ​展开c,0,0,0
社会,道德上的那点瓜，再说我原本就没素质口臭的这都知道的，但又没欠谁骗谁一分钱，话说如果我有罪触犯刑法公检法自会收拾我，关于造谣爆料的那些有的没得，我还说过准备竞选美国总统的咋不提的，非法触犯隐私的那些已经委托交给律师去处理。说来说去还是jb上道德的那点事，你自己伪造证件身份证和房本怎么 ​展开c,0,0,0
社会,#男子300多万买俩路虎提车被拒#下次还是谨慎一点吧 给了钱就要讲诚信别想着贪点小便宜后面就吃大亏了​,0,0,0
社会,也挺玄学，#男子300多万买俩路虎提车被拒#感叹这年头4S店都不想赚钱嘛，300多万买两辆路虎，结果4S店说其中一辆被锁单提不了，河南这位大哥最后还是153万提了另一辆不同颜色的，有钱人的世界我不懂，4S店的操作我更看不懂，预定好的车说没就没，要我说大哥真不至于这样找气受，拿这钱去买大G它真的不 ​展开c,0,0,0
社会,#国家明确不得传播暴饮暴食直播#网红“阿浩不忘初心”，曾使用网名“大胃王阿浩”，在某手平台拥有粉丝量1700多万，为了达到兜售减肥药的目的，长期带领团队直播暴饮暴食，完全不顾团队成员的健康，暴饮暴食在该主播直播间每天都在上演！.L不见不贱666的微博视频​,0,0,0
社会,15147【📖】你测一些稿子给我一种读书只读简介，最后都是为了从“性别”审判一切的错觉。为什么要脱离时代背景和社会环境的影响只从性别去判断作品呢，哪位神仙经得住这种跨时空审判？掐头去尾断章取义的片段or仅仅因为作者是老登拿出来审判然后否决淘汰掉所有作品，这和自断双臂有什么区别？从来都 ​展开c,0,0,0
社会,#胖东来限购首日门店人流量增加#【胖东来对代购“出手”首日，顾客：会员也限购】#顾客称胖东来会员也限购#针对过度代购现象，胖东来迅速推出措施。12月7日起，河南许昌及新乡市超市、烟酒柜对部分商品采取限购的方式。在购买商品时，需出示电子会员二维码或提供注册会员手机号，每个会员每日限购商品 ​展开c,0,0,0
社会,南宁场地800-1000吧？查姐那边造谣说卖了3000多一点点吧？？同事滞销了好久的票忽然一夜之间售空了吧？那就是比查姐多卖了大概800-1000张吧？就等于比查姐多了大概整个南宁场那么多人的人数吧？我们拭目以待看看现场人数比查姐生日会多了整整南宁场地那么多的人是什么盛况！精神胜利法可别 ​展开c,0,0,0
社会,"【""不可信，不可靠，不可爱，不可用，不可交……""最终受伤最深的，还是台湾的普通人】如何看待台湾""两面人""艺人陈柏源（闽南狼）跳反的情况？？第一，所爆的料不过是两岸互相常规的交流操作，毫无新意，各种政策都是公开发布的。关注的人，听闽南狼的所谓""爆料""会觉得毫无新意，非常无聊。没关注的， ​展开c",0,0,0
社会,#紫燕百味鸡事件#还好我爱的是衢州鸭头#紫燕百味鸡回应大肠杆菌超百倍#食品安全不能马虎的呀 最近这种事怎么这么多 真吓人 ​,0,0,0
社会,#男子300多万买俩路虎提车被拒#4S店干出这事我还真不意外，4万定金都还能说成意向金，这谁说的过你啊​,0,0,0
财经,【#美联储12月降息可能性超85%##加拿大央行或将大幅降息#】本周五，最新公布的美国11月非农就业数据超预期，失业率升至4.2%。数据公布后，市场加大美联储降息押注。截至当天收盘，美国三大股指涨跌不一，其中道指跌幅为0.28%，标普500指数涨幅为0.25% ，纳指涨幅为0.81%。本周道指累计下跌0.6%，纳指上 ​展开c,0,0,0
财经,卢麒元：我国的百万废柴是症结所在从71年-23 年金殖影响力无处不在#新思财经#新思财经超话人民金融超话#人民金融##杜小华与男孩DNA对比失败#L新思财经的微博视频​,0,0,0
财经,恭喜“帽子哥聊财经”获得第一届格隆汇“财经影响力人物奖”！谢谢格隆汇！ ​,0,0,0
财经,#65岁深圳股民操纵股票倒亏2亿多#【亏麻了！65岁深圳股民王志恒，操纵股票倒亏2.17亿元，还被罚200万元】近日，证监会最新公布多则行政处罚书。其中一则行政处罚书显示，2019年9月至2023年3月之间，现年65岁的王志恒控制使用账户组集中资金、持股优势连续买卖“东杰智能”，影响“东杰智能”股票价格 ​展开c,0,0,0
财经,【张捷财经】大基建停止与中国地产经济放缓#微博年度新知博主##张捷财经#近日，中国在基础设施建设领域迎来了重大转变。国家财政部联合六部门于8月底发布通知，要求12个债务严重的省市暂停新建大规模基建项目，标志着大基建时代可能即将结束。然而，中办国办随后在12月6日发文部署打造韧性城市的11项 ​展开c,0,0,0
财经,"#聊一波#曹远征：我们也进入""低欲望社会”了？扭转之道是搞好社会保障#寻找增长与治理并重的改革路径##透过财经看世界#L聊一波-王波明的微博视频​",0,0,0
财经,"#央行半年来首次增持黄金#【中国央行时隔半年首次增持黄金】#央行增持黄金16万盎司#据央行官网显示，中国11月末黄金储备7,296万盎司，10月末为7,280万盎司，增持黄金16万盎司（约4.54吨），此前央行连续六个月暂停增持黄金。 ​",0,0,0
财经,财经每日必读超话来做个#A股#的仓位投票🗳️老师们目前仓位多少？​,0,0,0
财经,今天的有问必答开始了你都看好那些板块MEME AI 链油 RWA……#财经#​,0,0,0
财经,#专家称中国股市上涨空间相当大#【重阳投资王庆：中国股票市场将趋于正常 上涨空间相当大】12月5日，在新浪财经2024分析师大会会议上，重阳投资董事长王庆表示，历史经验表明，当市场从底部反转的时候，都要经历反复的过程，它就是市场自身的规律。关键是我们对后续前景如何看待，这是很难的。我们这 ​展开c,0,0,0
财经,【紫燕百味鸡回应大肠杆菌超百倍：已责成负责人进一步核查】#紫燕百味鸡曾被曝菌落数超标#11月29日，测评博主@老爸评测-魏老爸发布了对知名品牌紫燕百味鸡等卤味的检测报告，引发广泛关注。检测结果显示，紫燕百味鸡的五个产品微生物检测结果不符合标准，其中鸭脖和夫妻肺片的大肠菌群5个样品都超出 ​展开c,0,0,0
财经,【#65岁男子操纵股票倒亏2.17亿#】近日，证监会最新公布多则行政处罚书。其中一则行政处罚书显示，2019年9月至2023年3月之间，现年65岁的王志恒控制使用账户组集中资金、持股优势连续买卖“东杰智能”，影响“东杰智能”股票价格和交易量。截至2024年3月14日，账户组持股297.3万股。经计算，王志恒账户 ​展开c,0,0,0
财经,#东方财富##股票#【“消灭”低价股？2元以下股票数下降9成】近期，低价股展现出了惊人的爆发力。据东方财富Choice数据，12月6日，低价股指数大涨4.2%，再度刷新阶段新高。“924”至今，低价股指数累计上涨62.3%，在一众概念板块中名列前茅。低价股指数大涨的同时，低价股群体也在被批量“消灭”。数据 ​展开c,0,0,0
财经,快手千亿营收背后，能否在新领域突围？快手2023年成绩瞩目，全年营收1134.7亿元，同比增20.5%，首次破千亿；经调整利润净额102.7亿元，从2023年之前亏损58亿元扭亏为盈。字节跳动2023年也传收入约8635亿元，同比增约40%。快手发展12年，前6年收入从0到83.4亿元，后6年从百亿到千亿。它从GIF制作工 ​展开c,0,0,0
财经,好了！！来波玄学！这么说我是真的会信！因为就单单从我的经历来说就足够炸裂了！我20岁出头的时候就自己创业开淘宝➕带团队赚了上千万！（不要问我多大 问就是18）然后躺平理财！玩基金莫名其妙玩成财经博主！再后面接触b⭕！不断学习增加认知！也到了现在小有成就的样子！包括大家微博跟我玩基 ​展开c,0,0,0
财经,有人问我怎么找好交易的节奏，说简单简单，说难也难，一个字就是：等！简单的点在于只要你肯等，慢慢就容易找到节奏，难的地方也是等，尤其是在涨的时候，多数人是等不了的。既想靠预测去交易，又经常被市场情绪影响，又不愿意等，所以节奏始终是乱的。但凡尝试等一次，多等一会儿，再用分批交易来 ​展开c,0,0,0
财经,12.7财经新闻早班车1.新华述评：中央财政还有比较大的举债空间和赤字提升空间。2.国常会：听取推动高质量发展综合督查情况汇报。3.国家金融监督管理总局：研究出台推动新能源车险高质量发展的政策措施。4.韩国总统尹锡悦发表电视讲话，向韩国民众道歉。5.光伏辅材企业大力降本增效。6.昨夜 ​展开c,0,0,0
财经,【#2025年首批国产威士忌将集中面市#】2024年末，国产威士忌迎来首个“成果验收期”——保乐力加的叠川威士忌产品上市满一周年，帝亚吉欧的云拓威士忌酒厂在云南大理洱源正式落成，百润股份的崃州蒸馏厂也首次推出了威士忌产品。尤其是规划投资高达35亿元的崃州蒸馏厂，备受业界关注。行业普遍认为，20 ​展开c,0,0,0
财经,#品牌推广#【新闻发稿平台有哪些类型？】1、地方新闻发布平台：聚焦地方新闻和事件。2、行业频道合作：针对特定行业如财经、科技、教育等，满足行业内外信息交流的需求。3、官方新闻发布渠道：用于发布权威新闻和重大事件。 ​,0,0,0
财经,财经每日必读超话美股收盘涨跌不一，道指跌0.28%，纳指涨0.81%，标普500指数涨0.25%，纳指与标普500指数再创收盘新高。特斯拉涨超5%，美国银行上调特斯拉12个月目标价至400美元并维持买入评级，因看好其FSD和人工智能领域的发展。比特币重回100000美元之上，加密货币概念股走强，嘉楠科技大涨35% ​展开c,0,0,0
财经,巴菲特曾提出过一个极为经典的问题。他问道：“倘若有一只股票当前价格是20元，它有很大可能会涨到40元，这种情况下，你们会不会买入？”在场的投资者们纷纷表示会买入。接着，巴菲特继续说道：“但是，这只股票存在另一种可能，它或许会先下跌至10元，而后再攀升至40元，此时你们还会选择买入吗 ​展开c,0,0,0
财经,#紫燕百味鸡连锁门店超6100家#【#品牌方回应紫燕百味鸡事件#：已责成负责人进一步核查】据中国网财经报道，近日，测评博主“老爸测评”发布了对紫燕百味鸡卤味产品的检测报告，该博主在测试中采用了“五平行检测”，即每种产品测试5个样品，其中鸭脖和夫妻肺片的大肠菌群检测5个样品都超出了最高安全限 ​展开c,0,0,0
财经,12月7日，国家外汇管理局最新数据显示，截至今年11月末，我国外汇储备规模为32659亿美元，连续12个月稳定在3.2万亿美元以上。黄金储备则在6个月不变后首次增加。数据显示，11月末黄金储备报7296万盎司，较上个月增加了16万盎司，如按区间均价测算，增持金额约为30亿元。这也是继今年5月暂停增持半年 ​展开c,0,0,0
财经,【黄奇帆：抓新质生产力必须抓好生产性服务业，中国要多几个“华为”】生产性服务业是制造业高质量发展的温床和基础，其自身也“自带光环”就是新质生产力，是经济增长的最大增长极。在12月7日举行的2024海南高等教育创新发展国际论坛上，第十八届中央委员、原重庆市市长黄奇帆在主旨演讲中分享了上 ​展开c,0,0,0
财经,就在有某些大佬呼吁，面对美国的不理性，最优解的不再还手的时候。中国还是被迫还手了。因为爱和讲道理真的感化不了灯塔。还有一组数据：世界镓储量27.93万吨，中国储量19万吨，排第一，美国储量0.45万吨，排第六。2022年全球镓产量：中国540吨，俄罗斯5吨，日本3吨，韩国2吨，乌克兰1吨。禁运的另外 ​展开c,0,0,0
财经,【#65岁男子操纵股票倒亏2.17亿#证监会：罚款200万】12月7日消息，证监会近日披露一则行政处罚决定书，现年65岁的王志恒因操纵东杰智能科技集团股份有限公司（以下简称东杰智能）股票，被处罚款200万元。经查，王志恒于2019年9月20日至2023年3月3日控制使用本人及他人等31个证券账户交易东杰智能股 ​展开c,0,0,0
财经,#财经#现在的A股各路资金各自为战各玩各的，问一下你们跟着谁在玩？L股海十一少的微博视频​,0,0,0
财经,A股概念板块汇总之一。1、数字经济概念板块：信雅达、天娱数科、泰尔股份、代码002530、启迪环境、代码002362、福石控股、致欧科技。2、文化传媒概念板块：实益达、汇洲智能、创源股份、视觉中国、华扬联众、风语筑、中公教育、佳云科技。3、装配式建筑概念板块：日上集团、华蓝集团、东易 ​展开c,0,0,0
财经,【#员工回应董明珠直播间发脾气#】#员工称董明珠雷厉风行#11月初，董明珠和俞敏洪在直播中因商品链接问题而引发了一场关于管理风格的争议。在直播过程中，董明珠对下属表现出严厉的态度，要求他们立即解决问题，并用严厉的语气催促，这一举动被外界解读为“发脾气”。近日，直播中的涉事员工也出面回 ​展开c,0,0,0
财经,【在经济承压、新增就业岗位减少的局面下，网络直播创造了2000多万个就业机会】12月7日，和讯网董事长章知方表示，让经济企稳向好，靠老一套刺激办法，是行不通的，有报告显示，至2023年底，已有超过1508万人将网络直播作为主业。预计到2025年，这一行业的人才缺口将达到1941.5万人。在经济承压、新增 ​展开c,0,0,0
财经,"#做早饭时想#【中国芯片出口过万亿意味着什么？】2024年1-10月中国半导体出口9311亿元，不出大的意外，今年半导体出口过万亿人民币，这是肯定的，出意外也能过万亿。一般人都知道这个数字很大，不知道这个数字后面意味着什么。2023年全球芯片的销售额，公开数据是5,268亿美元（约38221亿人民币）， ​展开c",0,0,0
财经,囤货太多！美国数百万块太阳能电池板要补缴30%-230%关税2022年期间，美国现任总统拜登曾下令实施关税减免，以缓解贸易监管对可再生能源开发商的影响，导致进口商大量囤积亚洲国家的太阳能设备。为了应对这部分激增的进口库存，政府规定必须在今年12月前将设备投入使用。据彭博社报道，美国于2022年11 ​展开c,0,0,0
财经,"币圈想实现财务自由，总结了七个吵币铁律！1.强势币只要高位跌了连续9天，务必及时跟进。2.任何一个币种只要连续涨了两天，务必及时减仓。3.任何一个币种只要拉升超过7%,第二天仍有冲高的机会，可继续观望4.强势大牛币务必等到回调结束后再入场。5.任何一个币种如果连续三天波动平淡，再观察三天 ​展开c",0,0,0
财经,【长安汽车，拟定增募资不超60亿元！】12月6日晚间，长安汽车（000625）公告称，公司拟向实控人及其子公司发行股票，募资不超过60亿元，用于新能源车型开发及产品平台技术升级项目，以及全球研发中心建设及核心能力提升项目。O长安汽车，拟定增募资不超60亿元！​,0,0,0
财经,"#财经##股市分析##大宗商品#大事啊！人行于11 月又开始增持黄金了！储备量达到 7,296 万盎司，较 10 月增加 16 万盎司。之前连续六个月的暂停增持。这似乎说明人行对几乎所有货币都不看好，并认为明年将是一个动荡的年份。人行买，我们跟不跟？ ​",0,0,0
财经,【重庆#网约公交车来了##网上约公交票价2元#你会乘坐吗？】今年，重庆推出一种全新的“响应公交”，不仅突破了传统公交的线路限制，更能像网约车一样随叫随到。它高效利用车辆、线路资源，实现了线上+线下服务，“没有固定发车时间，乘客在小程序下单，公交车共30多个站点，根据导航接送，价格都是2元 ​展开c,0,0,0
财经,【证监会副主席陈华平：期货公司风险管理业务不能盲目追求规模甚至一味寻求监管套利】今日，在2024年第19届中国（深圳）国际期货大会上，证监会副主席陈华平致辞表示，我国期货公司近年来发展总体稳健，但也存在综合实力不强、服务水平不高、同质化经营突出等问题，要把准功能定位。找准自己在金融体系 ​展开c,0,0,0
财经,终于能愉快的过个周末了，哪怕下周行情可能不如人意，也感谢大A，给了我们喘息的时刻。收盘终于突破了3400，可谓是千呼万唤，不过接下来行情走势会顺利吗？能否一鼓作气，连续突破3500，甚至到达更高的点位？🔔市场解析：技术面分析，沪指出现了几个积极的信号：1、突破三角震荡整理区的上轨压力。 ​展开c,0,0,0
财经,【#紫燕百味鸡此前也曾被曝菌落数超标#】#你还经常吃卤味吗#据媒体报道，11月29日，测评博主发布了对紫燕百味鸡等卤味的检测报告，引发广泛关注。12月6日晚，品牌方最新回应称，有关产品已下架，将及时开展内部核查。据极目新闻，博主表示，因太多网友反映吃卤味拉肚子，于是他从多家卤味品牌官方旗 ​展开c,0,0,0
文化,【期待！#敦煌千年文化为何如此动人#】千年敦煌，心之召唤。敦煌艺术，再现舞台。中国国家话剧院音乐话剧#受到召唤敦煌今日首演#。该剧以“敦煌守护者”常书鸿为原型，由中国国家话剧院@田沁鑫编剧、执导，青年演员@张艺兴主演，讲述了一代代文化工作者为传统文化执着坚守的故事。戳视频，感受从大漠 ​展开c,0,0,0
文化,你们爱吗？南风故宫宫廷文化系列女包！设计灵感来源于传统如意纹，圆寿纹，作为金属件错落有致的呈现在包袋之上，是装饰，更是祝福。光线洒下，纹饰，凹凸纹理会产生微妙的光影变化，仿佛在诉说着古老文化的神秘故事！ ​,0,0,0
文化,#李云霄吉利银河星舰文化体验官#｜#李云霄#吉利银河星舰上市助力亚冬会，李云霄第一位文化体验官～存档L姐有工作室的微博视频​,0,0,0
文化,【#李子柒为春节发源地打call#】12月4日，中国春节申遗成功，正式列入联合国教科文组织人类非物质文化遗产代表作名录。12月7日，四川阿坝。@李子柒现身2024四川省冬季旅游启动仪式活动现场。#李子柒说非遗春节一定要来四川#：春节发源地，四川必须有好戏。欢迎大家来四川阆中，舞狮、发红包……一起跟 ​展开c,0,0,0
文化,#焕新非遗计划#在王府井，正有一场关于科技与传统文化的碰撞继续在延长，@微博非遗#焕新非遗计划#携手“数字中轴线”重要成果——@看我天地中轴VR展，与@东城文旅一起推出沉浸式VR加非遗大师课程，邀请国家级非物质文化遗产项目剧装戏具制作技艺代表性传承人、中国工美行业艺术大师@京绣-孙颖一起 ​展开c,0,0,0
文化,南昌，是一座具有2200多年悠久历史的文化名城。滕王阁、万寿宫、海昏侯、李渡烧酒作坊遗址，都是其厚重历史的见证，当然，也少不了绳金塔。绳金塔坐落在南昌市西湖区，是一座八角七层楼阁式砖塔，始建于唐天祐年间，素有“水火既济，坐镇江城”之说，见证了南昌的沧桑巨变；塔身的每一块砖石，都在诉 ​展开c,0,0,0
文化,#春节是刻在中国人DNA里的仪式感#🧨#文化中国行看春节仪式感#中国春节列入世界非遗。春节，是中国人最有仪式感的节日。贴春联、守岁、吃年夜饭、拜年……种种习俗里，是中国人朴素美好的生活理想。辞旧迎新、祈福纳祥、团圆美满，你最期待哪个？（via.@人民日报） ​,0,0,0
文化,探寻牡丹江渤海国上京龙泉府遗址唐代东北地区建立的渤海国#黑龙江长城文化带##长城##渤海国##杨东长城故事##牡丹江#2牡丹江·渤海国上京龙泉府遗址​,0,0,0
文化,#出发吧去露营长江篇#开播啦！我们第一站就来到了“万里长江第一古镇”——李庄。这里有着“民族精神的涵养地，传统文化的折射点”的美誉，在那个动荡的年代它以一方平静庇护了风雨中的同济大学等高校和科研机构，为中华文化的薪火传承做出了巨大贡献！梁思成先生和他中国营造学社的同事们就是在这里 ​展开c,0,0,0
文化,#雪菲随笔#【姜武谈“汉”，谁急了？原创 神奇的民民  九州卫士 2024年12月06日O姜武谈“汉”，谁急了？五一评论：敲黑版：“汉”不仅是一个民族的概念，更是一个文化的符号。它承载着中华民族的辉煌与荣耀，也寄托着我们对星辰大海的向往。】姜武在10月11日发的一个视频，说“汉人”的由来，最近突 ​展开c,0,0,0
文化,上海治好了东北人的豪爽 东北人 万万没想到  意想不到 搞笑L鱲鱳的微博视频​,0,0,0
文化,阴阳师手游超话大江山宴会举办中，速来～～～！！ദ്ദി˶ｰ̀֊ｰ́ )✧哎呀真香ᴖ◡ᴖbgm：《常回山看看》编曲&填词：litterzy歌手：云之泣谢谢litterzy老师和云之泣老师iii#神酿星熊童子##阴阳师同人#L山间鸹子的微博视频​,0,0,0
文化,糖画昭咪🐱 与 糖画牛牛🐮（好喜欢 联动一下）糖画不仅是一种艺术表现形式还承载着丰富的历史文化背景糖画以糖为材料进行造型它既是一种艺术品也是一种可以食用的食品糖画的起源可以追溯到明代，最初用于祭祀活动。到了清代，糖画的制作技艺日趋精妙，题材也更加广泛，多为龙、凤、鱼、猴 ​展开c,0,0,0
文化,肖战超话#电影射雕英雄传侠之大者#xz#武侠是全球华人血脉觉醒的文化密码#赤子丹心话衷肠，飓风狂，壮心昂。看郭靖@X玖少年团肖战DAYTOY布衣之躯，力守襄阳。#肖战电影射雕英雄传侠之大者##肖战郭靖#L电影射雕英雄传侠之大者的微博视频​,0,0,0
文化,肖战超话#电影射雕英雄传侠之大者#xz#武侠是全球华人血脉觉醒的文化密码#侠者心英雄梦， 浩然气家国情，由金庸武侠小说改编的电影再次回归大银幕。大年初一，电影院见[爱心]！@X玖少年团肖战DAYTOY#肖战郭靖##肖战电影射雕英雄传侠之大者#L电影射雕英雄传侠之大者的微博视频​,0,0,0
文化,上个月看食贫道制作的《神佑之地》时，我注意到这样一件事。食贫道在视频的末尾提到，许多菲律宾的女性出走到香港，新加坡，亦或是其他亚洲国家打零工、做菲佣，亦或是其他服务性的工作。但是他注意到，任何一个聚集大量菲律宾人的城市，却很少有菲律宾餐馆存在。因为一个国度的美食，同样需要文化传承 ​展开c,0,0,0
文化,#李子柒又营业了#在现场头戴非遗漆珠发卡，推介四川非遗过大年。尽管在发言过程中遇到了平翘舌音的问题，姐姐还是很流畅的继续讲解真的好棒啊 ​,0,0,0
文化,做韩国料理突然被大中华美食文化支配🐹：不用自己的菜刀状态有点差，平常我都是用中式菜刀(*'◇') ：我家里也是开中华料理店的，所以我爸爸也经常用中式菜刀(*'◇') ：经常做料理的手法呢果然是L糸遊的微博视频​,0,0,0
文化,#寻美内蒙古#呼伦贝尔的冬天，是一幅壮丽的冰雪画卷，它以无垠的雪原、晶莹剔透的冰凌和银装素裹的森林，构成了一个梦幻般的冬日仙境。在这片广袤的土地上，冬天来得早且持续时间长，从初秋的凉意到深冬的严寒，仿佛只是转眼间的事情。随着第一场雪的悄然降临，呼伦贝尔便逐渐披上了一层洁白的外衣。 ​展开c,0,0,0
文化,#双轨 脱轨#❗好一个【娱乐圈新型洗钱方式】❗之前的阴阳合同阴阳剧本❗现在又来一个【阴阳剧组】😡😡😡无论哪种方式，【侵害】的都是【普通人的利益】❗这是【中国文化事业发展的绊脚石】❗对观众不负责❗对幕后工作人员欺诈❗对演职人员吸血🩸🩸🩸【抵制无良剧组】还文娱事业一片清明? ​展开c,0,0,0
文化,擦边粉不要来我微博骂人了，再骂也改变不了很多事实。你们影响不了管晨辰，奥运冠军就是了不起，再过二十年还是了不起。你们也没办法让吴柳芳跻身主流，标签一旦生成，文化核心力量的鄙视链，就是很难消除。你们最大的贡献，是用你们粗鄙的网暴言行，引起更多人对网络擦边文化的关注，​展开c,0,0,0
文化,金廷祐超话🐶#TODS品牌大使金廷祐#241207 art_village_lay 彩色拍立得更新 廷祐相关 一则特别是不久前我们的特别展示会上来了一位非常特别的客人 ~~~~~ ⭐️⭐️从作品中神话中涌现出来的NCT廷祐(@/sugaringcandy)通过参观我们的展览 一一参观对展出的作品给予关心的同时尤其对 ​展开c,0,0,0
文化,#看中国的非遗惊艳世界#太牛了我们祖国的非遗文化 ​,0,0,0
文化,额滴神啊，颧馿反黑站挂我，网暴我好几天那时候颧馿怎么不说挂素人不好，在那边疯狂艾特鹿园西西里，真来了又要说挂素人，我们活该受气不能反抗？符开盒文化不就是从我们驴开始的，这个时候在装什么受害者天天抓着我们mmr散粉开，那我也抓着你们散粉开呗 ​,0,0,0
文化,#宽喜堂文旅#宽喜堂与米其林推荐餐厅御园签署战略合作协议御园，位于美国纽约，成立于 2017年，致力于传承和推广中国悠久的餐饮文化、餐桌文化以及历史建筑文化。于2021年被评为米其林推荐餐厅，如今在 Westchester N.Y.和 Hicksville N.Y.拥有两家餐馆，成为当地饮食文化的一部分。​展开c,0,0,0
文化,美国国家女子足球队的明星阵容光彩夺目，有世界冠军、奥运奖牌获得者、流行文化偶像和破纪录者当你考虑到美国女子国家队在过去几十年中达到的高度时，几乎不可能真正将它们区分开来。你如何比较成功与成功？考虑到这些看似无穷无尽的传奇人物所取得的成就，如何对他们进行排名？这里的目标不是区分 ​展开c,0,0,0
文化,阿里合伙人樊路远：什么叫阿里的文化，阿里的精神？就是说公司说你不行，你就是不行。 ​,0,0,0
文化,#看图学习#【#讲好中华优秀传统文化故事#总书记强调对“非遗”要系统性保护】非物质文化遗产是中华优秀传统文化的重要组成部分，是中华文明绵延传承的生动见证。习近平总书记高度重视推动中华优秀传统文化的创造性转化、创新性发展，多次对非物质文化遗产保护工作作出重要指示，强调要扎实做好非物质 ​展开c,0,0,0
文化,【广州马拉松天气】#广马我来了#预计8日@广州马拉松赛比赛期间多云为主，气温13～20℃，相对湿度45～80%，偏北风2～3级。具体预报：7时30分，0-5公里赛道多云到阴天，13～14℃，偏北风3级；8时30分，5-25公里赛道多云，14～15℃，偏北风3级；9时30分，10-40公里赛道多云，15～16℃ ​展开c,0,0,0
文化,粉圈大洗牌真的是你们想看到的吗战斗粉都走了 氪金粉都走了一些站着说话不腰疼的所谓的路人粉“你滚吧” “不需要你爱” “你是黑粉”这些人做过数据反过黑吗老粉圈了都成熟点吧粉圈就是这样来去自由因为脱粉一些人骂人家再把人家挂出来高高在上的样子真令人作呕谁都是真心实意爱过的这种扎 ​展开c,0,0,0
政治,“我能当好总统！因为我的朋友是文在寅……”#尹锡悦的政治生涯或只剩不到一天#L麒炜投资的微博视频​,0,0,0
政治,来做题啦！寒风凛冽之时，便是尾声来临之际，加油1954年，第一届全国人民代表大会第一次会议通过《中华人民共和国宪法》，标志着(  )#21天考研上岸打卡##腿姐考研政治##2025考研#考研超话#第八十六天#​​​,0,0,0
政治,#尹锡悦的政治生涯或只剩不到一天#尹锡悦的10个冷知识，妻子是财阀陪酒女尹锡悦的10个冷知识，妻子是财阀陪酒女，讨好日本遭民众#外界多认为尹锡悦弹劾通过已无大悬念#“L优佳80的微博视频​,0,0,0
政治,王江涛太牛了！小作文冲刺背诵+模板合集#考研政治##25考研#​,0,0,0
政治,【开考】2024下教资面试它来啦！12.7早上开考，加油加油先考帮后考！稳住，一定不能慌事先演一遍紧张事先想一下流程事先讲一下全程坚持上考场前的练习！考试当天先考帮后考，及时关注先考同学的结构化试讲内容！锦鲤附身，愿大家统统过线真正上岸！拿到教师资格证！#智冬老师讲政治#​展开c,0,0,0
政治,#尹锡悦的政治生涯或只剩不到一天#韩国总统尹锡悦的政治生涯可能即将迎来重大转折。韩国国会拟对尹锡悦进行弹劾表决，若弹劾案通过，他的总统职务将立即停止。尹锡悦自2022年5月上任以来，支持率持续下跌，到2024年11月已创历史新低。此次弹劾案若成立，他的政治生涯或将就此画上句号，留给韩国政坛的 ​展开c,0,0,0
政治,#尹锡悦的政治生涯或只剩不到一天#保留总统的头衔，但不能施政宜修皇后被打入冷宫后的待遇，甄嬛传真的百看不厌呀​,0,0,0
政治,#尹锡悦的政治生涯或只剩不到一天#韩国总统真是高危职业，别人都是被人搞进去他倒好是自己给自己送进去​,0,0,0
政治,#尹锡悦的政治生涯或只剩不到一天#安倍：你们仅仅是下了台，我却下了地。 ​,0,0,0
政治,半岛第一痴汉，弹劾通过还没算完，尹锡悦接下来还要面对多项刑事起诉。估计是夫妻双双把牢坐。#韩国总统弹劾##尹锡悦的政治生涯或只剩不到一天#​,0,0,0
政治,【个人觉得，伊锡悦牢饭是吃定了！#尹锡悦弹劾案可能出现四种结果#】韩国政坛风云变幻，尹锡悦总统的命运悬而未决。弹劾案的进展牵动着每一个韩国人的心，以下是可能出现的四种结果：1. 弹劾案通过，尹锡悦即刻停职：如果国会投票中获得超过三分之二的支持，尹锡悦将被立即停职，由国务总理代行总统 ​展开c,0,0,0
政治,#尹锡悦公开致歉#尹锡悦简短讲话、朝野两党回应韩国总统尹锡悦：1. 就宣布戒严令致歉，戒严是出于作为总统的绝望。2. 不会回避宣布戒严过程中的法律及政治责任。3. 绝不会有第二次戒严。4. 将由国民力量党决定总统任期及政局稳定的方案。韩国执政党党首韩东勋：总统尹锡悦已经无法履行职责， ​展开c,0,0,0
政治,🔻你看韩国弹劾结果出来之前，🇰🇵朝中社一言不发，没有给尹锡悦蹭通北一分一毫的机会，就知道北面水平实在比南面的虫豸高了太多。#尹锡悦公开致歉##韩国国会今天表决尹锡悦弹劾案#​,0,0,0
政治,【李在明称尹锡悦是国家内乱罪魁祸首：政治风波中的责任与反思】在韩国政治舞台上，一场围绕总统尹锡悦是否应为国家内乱负责的争议正在持续发酵。共同民主党党首李在明公开指责尹锡悦是国家内乱的罪魁祸首，这一言论不仅揭示了当前韩国政治局势的严峻性，也引发了人们对政治责任与治理能力的深刻反思 ​展开c,0,0,0
政治,#尹锡悦对国民谈话讲了什么#- 道歉：尹锡悦就12月3日晚发布紧急戒严令又于4日凌晨解除一事，向国民表示因该事件给国民带来不安和不便，他作为总统感到非常抱歉，并向受到惊吓的国民致歉。- 说明戒严过程：他称自己在12月3日晚上11点宣布紧急戒严，约两小时后的12月4日凌晨1点左右，国会通过解除戒 ​展开c,0,0,0
政治,腿姐四套卷知识点速过版本，快速浏览一遍#决战考研##考研政治##考研##25考研##考研加油#​,0,0,0
政治,讲婚恋预期这个话题其实很有意思。之前做调研，主要是集中在体制内。发现单身率最高的，是欠发达地区县城里的女性公职人员群体，其中以女性教师为最，远高于社会职业平均。调研结果说是因为她们太优秀，很难有匹配的人群。但是同一篇调研报告，里面讲到和女性公职人员同样收入待遇的男性时，评价是这 ​展开c,0,0,0
政治,戒严令到底是什么？何时会触发这项极端措施？简单来说，戒严是一种特殊状态，在国家面临紧急威胁时，军事力量会接管部分或全部行政职能，并限制民众的正常活动。通常适用于战争、重大社会危机等情况。戒严的主要目的是迅速恢复秩序，但由于其对公民权利的限制和对民主制度的潜在冲击，一直被认为是政 ​展开c,0,0,0
政治,#尹锡悦宣布将发表电视讲话#误判大势宣布紧急戒严令铸成大错，尹锡悦这时候说什么都没用了，无非就是给自己辩解再加上表明心迹，再最后争取国民的同情分。这时候谁公开挺尹锡悦无异于政治自杀，所以他的任何动作对将要表决的弹劾案估计不可能有什么影响。在不踩踏社会底线的前提下，只要不是毒瘾发作或 ​展开c,0,0,0
政治,美联社：tiktok 败诉。对于川普和拜登来说，选举已经结束了，川普赢了，tiktok 已经没用了这也挺好，打破一些亲美派最后的幻想 ​,0,0,0
政治,#教资面试真题##教资面试#结构化时政真题+解析，现在立刻马上背！持续更新，赞赞姨明天抽原题​​​,0,0,0
政治,#尹锡悦公开致歉#【#尹锡悦宣布解除戒严令后首次公开露面#】当地时间今天上午10时（北京时间今天9时），韩国总统尹锡悦发表电视讲话，首度就“紧急戒严”事件致歉。在讲话中，尹锡悦表示，真心向韩国国民致歉，并称不会回避宣布戒严过程中的法律及政治责任。他还表示，绝不会有第二次戒严。 ​展开c,0,0,0
政治,这哪里是打麻将 ，这分明是在线抓间谍#大学生 #中国红#思想政治 #麻将L娱千千的微博视频​,0,0,0
政治,听了心医最新一期节目，才知道韩国人前几天到底在干嘛，真的是你笑他不懂操作，他笑你不懂政治。看任何东西，当你觉得一件事情魔幻，其实未必是别人都跟傻，而是你掌握的信息不足 ​,0,0,0
政治,叙利亚局势升级已致28万人流离失所！这冰冷数字背后，是无数家庭被碾碎的安稳生活，是老人失去住所的悲戚、孩童眼中对炮火的恐惧，桩桩件件，刺痛着国际社会的良知。多年来，外部势力干涉是叙利亚乱局的重要推手。美西方以各种借口强行介入，扶持代理人，输送武器，把叙利亚当成地缘政治的博弈场， ​展开c,0,0,0
政治,【李在明称尹锡悦必须下台：政治风波中的民意呼唤】在韩国政治舞台上，一场围绕总统尹锡悦是否应该下台的争议正在愈演愈烈。共同民主党党首李在明公开表示，尹锡悦必须下台，以解决当前韩国政局的困境。这一呼吁不仅反映了李在明对尹锡悦政府的不满，更体现了韩国民众对政治稳定和公正治理的深切期待 ​展开c,0,0,0
政治,#江西风景独好#钓源古村位于江西省吉安市吉州区兴桥镇，距吉安城区17公里，古村始建于唐朝末年，是北宋著名政治家、文学家欧阳修的后裔及同宗聚居地。古村现存风姿各异的，150余幢赣派明清建筑依山就势，布局如八卦图形，村内有一条高约9米，蜿蜒千米、呈东西走向的S形山脉，上植2万余株古樟树，村中 ​展开c,0,0,0
政治,#多国政客取消访韩行程#【最近他们都不去韩国……】在尹锡悦的闹剧“演出”之后，美国白宫方面立即对外表示，事前拜登总统和美国政府一点儿不知道情况。当地时间12月5日，美国常务副国务卿库尔特·坎贝尔说，尹锡悦宣布“紧急戒严”是严重的误判。而奥斯汀取消访问韩国的计划，且并没有取消访问日本的 ​展开c,0,0,0
政治,【#韩国戒严令逮捕名单曝光#背后有何隐情？】12月6日，韩国国情院第一次长洪长源透露尹锡悦曾亲口指示，拘捕国会议长禹元植、国民力量党党首韩东勋、共同民主党党首李在明等人，并在电话中称，要“借此机会全部抓进来收拾”。韩国总统府当天发表声明称，尹锡悦从未下令逮捕或拘留国会议员，但这一声明 ​展开c,0,0,0
政治,"上一世由于政治联姻且局势所迫，两人双双错过。这一世两人携手共同主动冲破重重包围。 ""快来追新剧 ""九重紫L娱乐追剧英英_的微博视频​",0,0,0
政治,#韩国国会将投票表决总统弹劾案#🇰🇷韩国国会议长禹元植今天发声明称，今天下午5点国会将召开全体会议，先表决有关第一夫人的「金建希独检法」（全名为「关于任命独立检察官，查清总统尹锡悦配偶金建希操纵股价事件真相法案」），接着再表决尹锡悦的弹劾案。#尹锡悦的政治生涯或只剩不到一天#​,0,0,0
政治,小恶魔呀剧场超话“权势滔天官二代×贫穷女孩”杀兄弑爱，他早有政治联姻的爱人L小恶魔呀在追剧的微博视频​,0,0,0
政治,【尹锡悦对国民谈话：诚挚致歉与未来展望】近日，韩国总统尹锡悦通过电视直播向全国民众发表了一场重要的谈话。在这场谈话中，他不仅对近期围绕其身边的一系列争议表达了诚挚的歉意，还就政府的未来计划和执政方向进行了详细的阐述。尹锡悦的此次谈话，无疑为韩国政治注入了新的活力和期待。首先， ​展开c,0,0,0
政治,【热点考题12】（多选）2024年7月15日至18日，我党第二十届中央委员会第三次全体会议在北京举行。会议指出，全党必须自觉把改革摆在更加突出位置，紧紧围绕推进中国式现代化进一步全面深化改革。全面深化改革是（      ）A.坚持和完善中特社会主义制度、推进国家治理体系和治理能力现代化的必然要 ​展开c,0,0,0
政治,#尹锡悦的政治生涯或只剩不到一天#尹锡悦说不会再有二次戒严了，这句话也许是政治生涯即将落幕的苦涩与自嘲？哈哈😃，当然不会有了，永远都不会有了，因为已经没有机会了，或许，明天的尹锡悦不再是韩国总统，但明天之后韩国的民主又将走向何方？这个问题，不仅考验着韩国当局的智慧与勇气，更考验着 ​展开c,0,0,0
政治,【应时而变、破局而立、向强出发】今年年初，最高人民法院确定全国首批106个相对薄弱基层法院，吹响脱薄冲锋号。现在工作进展如何？突出问题有没有实质性解决？政治、业务特别是班子、队伍建设整体上有没有明显改观？7月11日起，人民法院新闻传媒总社推出“脱薄争先检阅台”栏目，以融媒体报道的形式， ​展开c,0,0,0
政治,韩国总统弹劾 尹锡悦下令拘捕国会议员细节披露韩国总统尹锡悦近日下令拘捕国会议员，引发广泛关注。据悉，此次拘捕行动针对的是涉嫌违反《公职选举法》的议员。根据官方披露的细节，被拘捕的议员涉嫌在选举过程中进行非法资金筹集和分配，严重扰乱了公平竞争的政治环境。据悉，尹锡悦总统在得知相关情 ​展开c,0,0,0
政治,#尹锡悦公开致歉##尹锡悦的政治生涯或只剩不到一天#戒严令出只是一时爽，霸道总统可能进牢房。此次戒严风波引发了韩国社会的广泛声讨，尹锡悦的支持率也因此大幅下跌。民调显示，在解除戒严令后，他的支持率跌至13%，创下执政以来的最低水平。‌同样是总统，美国跟韩国不一样。拜登利用职权豁免儿子 ​展开c,0,0,0
生活,【#人民日报夜读#：#最好的生活状态在这3句话里#】①知己二三，家人相伴：真正懂你、爱你的人是难得的。②心态平和，珍惜当下：拥有好心态，生活才会处处可爱。③心怀热忱，脚踏实地：把每一个平凡而简单的日子过好。O【夜读】最好的生活状态，就在这三句话里​,0,0,0
生活,#大学生花15万全款买房后的生活#大学生能 买房，太牛了！有了自己的房，就像在陌生城市扎下根，安全感满满。以后的日子，能更安心地为学业事业拼搏，不用被房租赶来赶去，也能按自己喜好布置小窝，这起步就领先一大截，让人羡慕又佩服，真心希望他未来的路越走越顺！L感性的猫-猫的微博视频​,0,0,0
生活,骑行圈全是高人  每个人骑术都很厉害 ∽#生活手记#L布偶姐姐-Dear的微博视频​,0,0,0
生活,#我家那小子#好好生活季EP01上线！@张远Bird演唱会幕后首公开，伯远探班张远勇闯中医馆！@唐九洲摇小齐开启搬家大作战，在线夸夸花式拿捏齐思钧！@張博恆茶茶真实生活大揭秘，初次体验滑翔伞爽到嗨！@种地吧王一珩多多返乡内蒙古，家门口巡演正式出发！观察团@齐思钧@文韬Stefan​展开c,0,0,0
生活,我的一天𝟵𝟴%的工作+ 𝟮%的生活#一键分享冻态##生活有星意##今天星期五#​,0,0,0
生活,我发现我的旅行日记和流水账差不多但是我很想记录每一天的日常流程过几年回顾的时候会想起来那年的旅途  几月几日吃了什么  做了什么…那时候我是那样的  还穿着这种类型的衣服拍照当时的感受怎么样  回忆都找回来  感觉很美好这两年没有以前爱拍照爱臭美了其实看到很多女生/博主都在努力生活  ​展开c,0,0,0
生活,我不信，这个点还有不睡的#生活手记#L花爷的日常的微博视频​,0,0,0
生活,最近的生活 ☆1. 错误的坐车方式2. taco星期二3. 我已经重刷《Arcane》三次了，还在继续4. JackJack 在努力刷步数5. 戴着漂亮蝴蝶结的小可爱6. 工作时偷个小懒 🫠#这就是我的2024#​,0,0,0
生活,#生活手记#妈群年底给做数据投🎫的宝宝们准备的礼物，衣服帽子宝宝杂志扇子…… ​,0,0,0
生活,低头时或许只见尘埃， 抬头却能望见花开。生活的美好，不在于外界，而在于你的心态。正所谓，心平能遇三千疾，心静可通万事理。好的心态，让我们在风雨中依然从容。用平和去面对每一次起伏，一个好心态，是对自我的掌控。当你学会不再为琐事焦虑，内心的宁静会带来力量，情绪的平衡会吸引美好 ​展开c,0,0,0
生活,【审核员-P1】审核概论20241.什么是审核（1）审核是认证过程中最基本的活动，是审核方案的重要组成部分。审核是认证全过程的关键活动，也是审核技术具体实施的重要环节。（2）审核，有审查核实的意思。而在某些领域里审核有其特定的技术含义和过程功能，如在人们日常生活中涉及较多的是会计学和财 ​展开c,0,0,0
生活,出差忙里偷闲体验具像化的“退休生活”🍰🍰…… ​,0,0,0
生活,越来越喜欢记录生活可能是在朋友的带动下可能是自己慢慢开始享受生活总之  作息乱乱的 人笨笨的 意志淡淡的 ​,0,0,0
生活,爱是什么，是我很多年一直想知道的，我好像从小到大都在拥有所有爱，但始终找不到自己对爱的私心，很多时候很茫然。因为自身设定原因，不能为私情浪费时间。哪怕结婚生子，也与对方实际相处不会超过两年，天天见面的时间更短，只要想控制我的时间就马上会走到分手那一步。但我知道我很羡慕，普通 ​展开c,0,0,0
生活,萌娃养成记超话这个发型我还挺满意的#每日一图##生活的模样##亿点曝光计划#​,0,0,0
生活,对不起，我还是狠狠地共情麦麦了，她这次也是干得漂亮，过好自己的生活才是最重要的。她原本把掌管幸福的权力都交给了李行亮，她需要李行亮通过每一次考验，自己才能获得幸福的感知力。但李行亮也不能每次读懂她的不开心，他问，她说没事。他没有追问，就引来了她更大的不满。她的坏情绪的出口是李行亮 ​展开c,0,0,0
生活,遇到这种婆婆，最好的办法就是分开住，谁也不影响谁，毕竟年轻人和老人生活习惯不一样。#为什么老一辈都喜欢无效节俭##儿媳吐槽婆婆无效节俭##无效的节俭行为##微博跨域计划#2郑州L郑房有问有答的微博视频​,0,0,0
生活,今年是南京申报世界文学之都成功五周年，也是#南京云锦博物馆#申报#人类非遗#成功十五周年。锦绣·文都秋日生活大会在南京世界文学客厅举办，为广大市民带来一场秋日南京的生活美育。@南京发布L南京云锦研究所的微博视频​,0,0,0
生活,#魏大勋告别不讨好的勇气#|#魏大勋史野#|#魏大勋无罪之身#再见了脱口秀演员史野。谢谢魏大勋给我们带来了这么好的史野，希望你在平行世界继续开着自己的房车，过着自己想要的生活，继续满世界旅行说着自己最爱的脱口秀 ​,0,0,0
生活,虽然但是，有反馈正常，没反馈正常，胡思乱想正常，大大啦啦正常，想逗人开心正常，想捋捋猫毛正常，一通瞎jb开炮有病 ​,0,0,0
生活,2013.05.20 你出生.叫念念。2024年11月 回喵星啦从开始其实就知道结果 但是谁不愿意时间过得慢点呢宝呀 喵星还有姐姐的宝贝呢，你们要一起幸福的在喵星生活呀啥时候想投胎了 还愿意来找我 我一直等你们​,0,0,0
生活,秋冬来了！！茸茸#生活手记#也要跟上！但是我还有一双白色的睡眠袜找不到了！！翻箱倒柜找不到了！！ ​,0,0,0
生活,#周杰发长文悼念琼瑶#2024年12月7日，周杰发长文悼念琼瑶. 他在文中提到，自己曾是琼瑶小说的读者，琼瑶的作品为他打开了情感世界，是他情感的启蒙. 后来他走进了琼瑶的生活， 第一次接琼瑶电话等经历让他难忘，他还保留着琼瑶家的号码.周杰称琼瑶对他照顾有加，曾让平鑫涛为其买烟，还对他女朋友说 ​展开c,0,0,0
生活,AndaLookkaew超话生日互送了什么礼物？怎么称呼对方的家人？让Lk对Ad温柔撒娇，ad：怎么撒娇都可爱Lk就看了她一眼，她就知道对方已经在撒娇了看来没少这样，哈哈哈哈目前生活里最精彩的部分是什么？有lk进入了她的生活L颖SaGil的微博视频​,0,0,0
生活,任嘉伦周边中转站超话出嗨放派三合一上岛证、明信片、小卡（生活款和西装款）和一张嗨放派剧照明信片三合一整套出，不单 ​,0,0,0
生活,韩网有人发帖分享跟Keria遇到的故事，其中提到遇到无理的训练兵起哄让Keria替他们支付便利店的费用。：因为有宗教节日的活动，大家都会聚集到PX（军队便利店），那天运气很好遇到了Keria。但担心打扰到他，就没有上去。我很快的买完东西出来，但是PX里面却很吵闹，然后Keria就生气的走了出来。后来 ​展开c,0,0,0
生活,股票超话昨天去参观了深交所，里面还有金融博物馆，了解了中国资本市场的来龙去脉，挺有感触：国内市场真的还很新，沪市深市都只有30多年，但制度体系已经在慢慢完善，比如信披机制、惩罚措施等等，会越来越好，需要时间。#深交所##资本市场##生活手记#​,0,0,0
生活,华晨宇超话#超话大赏##年度十大星动超话#2024超话大赏好的灯火 一格一格好孩子 一个一个都可以好好地生活别再问了——@华晨宇yu《不重逢》L华晨宇工作室等人的共创视频​,0,0,0
生活,有些风景你必须亲眼看到再祛魅，别让山顶上下来的人扫你兴生活碎片超话#研究生的日常#2喀什·喀什大学新泉校区​,0,0,0
新闻,"【早上好！#江苏新闻AI早班车来了#】今天是12月7日星期六，农历十一月初七。晨间新闻速览：①江苏13个设区市均可申报城中村改造；②“先使用后付费” 江苏开展改革提升科技成果转化效能；③江苏19.2万献血者已享受""三免""待遇；④#昆山麻鸭入选国家种质资源#……关注@江苏新闻，小然每天跟你道早安！ ​展开c",0,0,0
新闻,有偿新闻归扫黄打非办公室管，而且12390举报热线24小时服务。又长见识了​,0,0,0
新闻,逢七应变，这是一个周期的结束与开始。新闻联播每天晚上7点整开始，7点半结束，新闻巽卦象，巽为团结，7为艮数，有带头的作用，也是完整的家，巽艮的组合，把思想带入寻常百姓家，团结国民，这一点值得思考。起床了！ ​,0,0,0
新闻,韩剧#现在拨打的电话#12月6日、7日两天停播，将播出新闻特别报道。#海外新鲜事#​,0,0,0
新闻,【#女生醉酒遭强奸致死案一审择期宣判#】#被害女生母亲称两被告无忏悔之意#12月6日，甘肃陇南。此前备受关注的甘肃一高三女生疑被多名男子灌醉后，遭到其中两名男子强奸致死一案迎来新进展。此案于6日在陇南市中级人民法院开庭审理。庭审结束后，被害女生母亲王女士告诉扬子晚报/紫牛新闻记者，该案将 ​展开c,0,0,0
新闻,#女硕士#别说十三年前了，放到现在，假如我今年考上研究生，也是光宗耀祖的，多好多亮堂的前程被毁了，大家都会持续关注此次事件，希望媒体可以从新编辑整理该新闻内容，别再玩文字游戏了​,0,0,0
新闻,杨超越超话福鼎新闻频道报道剧版喜剧之王电视剧版《喜剧之王》在福鼎开机 🎬渔村奋斗女青年阿珍#杨超越阿珍#🪡#杨超越喜剧之王#LNew_Beginning_Yeah__的微博视频​,0,0,0
新闻,【#23年悬案凭1个苹果核破获#】据看看新闻报道：2001年12月21日，上海宝山发生一起命案，死者是一名女性，当年是32岁。案发现场的垃圾桶里，有一个吃剩的苹果核，但是死者胃内容物并没有苹果。能在死者家里吃掉一个苹果，那一定是与死者极度熟悉的人。结合走访调查，侦查员得知死者生前，喜好结交有钱 ​展开c,0,0,0
新闻,#东方财富##股票#【最新曝光！特朗普重回白宫 马斯克花了18亿元！马斯克扛着儿子现身国会大厦参会】据央视新闻12月7日报道，当地时间12月6日，央视记者获悉，根据美国联邦选举委员会5日晚间发布的文件，特斯拉和太空探索技术公司（SpaceX）的首席执行官埃隆·马斯克向支持特朗普2024年竞选的团体捐赠了2 ​展开c,0,0,0
新闻,#朴彩英梦女#🫶🏻#Rose新歌太好听了#【图片】241207ROSÉ超话@roses_are_rosie纽约快闪店新闻图10P📀ROSIE团代汇总微博正文🥇团队X账号：numberoneHQ🥀团队IG账号：vampirehollie📡个人网站：O网页链接​,0,0,0
新闻,比起外蒙反华新闻，我对评论区中这类言论感到惊诧，我们会把外籍华裔说出“同胞”吗？中国蒙古族的同胞应该是其他55个民族呀，为什么要把外蒙古那群外国人说出“同胞”，我不理解！我认为这是极少数蒙古族同胞的错误认知，必须纠正！#蒙古国##蒙古##烽火问鼎计划##热门话题创作激励计划#​,0,0,0
新闻,#廊坊新闻#【香河县：激活人才引擎 赋能乡村振兴】“感谢你们帮我指导整理材料，避免了错过职称申报。”日前，香河县农业农村局专技人员大崔对该县人社局工作人员表示感谢。大崔由于腿部骨折受伤，不方便到现场提交材料，香河县人社局安排专人一对一帮忙指导整理，确保材料的规范性和完整性。近年来 ​展开c,0,0,0
新闻,我以为我已经心静如水了结果看到这种新闻还是忍不住怨气冲天​,0,0,0
新闻,孙佳俊超话➕#泳创佳绩#上午澳门旅游大学的孙佳一点新闻直播cut#孙佳俊#@孙佳俊-（等我找到高清源再替换）L洛洛養狗日記的微博视频​,0,0,0
新闻,#莎头组合再现神仙球#【#莎头再现神仙球肖指导起立鼓掌#】12月7日，成都混团世界杯国乒vs法国混双，@王楚钦___/@孙颖莎11-6、11-8、11-3多尔/扎里夫，“莎头”再现神仙球，肖指导起立鼓掌！目前国乒6-0领先。#国乒提前晋级混团世界杯第三阶段#孙颖莎超话王楚钦超话@纵览新闻​展开c,0,0,0
新闻,#南京本土视频新闻最快发布#【 “警营开放月”来啦！】去年的南京公安“警营开放周”活动是否让你意犹未尽？今天开始，今年的“警营开放月”活动拉开大幕！一个月内，每逢双休日及1月10日“中国人民警察节”当天，共6波次13天，南京公安将为广大市民呈现精彩纷呈的警营盛宴，遛娃拍照模式再次上线！走 ​展开c,0,0,0
新闻,【转发祝贺！#谷爱凌滑雪世界杯夺冠##李方慧亚军#】今天，2024-2025赛季国际雪联自由式滑雪U型场地世界杯决赛在张家口崇礼密苑云顶乐园举行，中国选手谷爱凌@青蛙公主爱凌获得冠军。另一位中国选手@自由式滑雪U型场地李方慧获得亚军，恭喜！#谷爱凌首轮摔倒仍夺冠#via.央视新闻   ​展开c,0,0,0
新闻,【#被央媒点名的机会来了#军事周刊直播互动邀你来参与】话题一：近期，多方力量博弈引发叙利亚战火升级，黎以双方相互指责对方违反停火协议，巴以冲突外溢影响是否会进一步加剧？话题二：最近多国纷纷披露，要加快研发新型舰艇，下一代水面舰艇在未来海战中将扮演什么样的角色？今天19:00，中央广播电 ​展开c,0,0,0
新闻,听说，郑州一辆渣土车被执法队查了。因为违规上高架。在执法人员的追逐下，在北三环文化路下桥匝道口前方20米处时停在道路北侧，然后横穿多条车道，从南面跳了下去。摔死了。看到这种社会新闻，总是心里特别难受。他的车限载31吨。实际拉了一百多吨。而且还上高架了。逮到罚肯定不少罚。但是像这种 ​展开c,0,0,0
新闻,【日媒：访韩计划生变，#石破首次外访改选印尼#】#石破茂改变访韩计划#据日本《朝日新闻》12月7日报道，多名日本政府相关人士6日证实，首相石破茂或将于明年1月中上旬访问印尼，目前已经开始协调相关日程。原本访问韩国的计划因尹锡悦总统的“紧急戒严”引发韩国内乱而无法实施。据报道，日本政府正 ​展开c,0,0,0
新闻,【吉林白城滑冰馆“11·18”坍塌事故系建筑工程质量不合格引发，6人被刑拘】据央视新闻，12月6日，吉林省通报了白城市滑冰馆“11·18”坍塌事故初步调查情况，通报指出，这是一起因建筑工程质量不合格引发的生产安全责任事故，公安机关已对涉嫌犯罪的6名责任人员刑事拘留，其他相关责任人员正在进一步调 ​展开c,0,0,0
新闻,【拜會之旅067】昨晚括不知恥地把微博推給洪老之後我們又聊了一會兒。洪：寫的還行，就是成語用的有點做作。我：那明年我考您的研究生吧。洪：我是新聞系，寫作只是酒後的消遣。我：那我考嚴老的研究生？您幫我打個招呼先。洪：嚴老是比較文學那一掛的，你連沙特和薩特都分不清楚，就不要自取其辱 ​展开c,0,0,0
新闻,@中国青年报【扩散周知！#多地雪花这周末到货#】#2股冷空气轮番登场#中央气象台今早发布大风蓝色预警：预计今早8时至明早8时，内蒙古、河北、山东、西藏、青海等地部分地区有5~6级风，阵风7~8级。预计今天，内蒙古中部、黑龙江东部、山东半岛、甘肃南部、川西高原东部等地有小到中雪或雨夹雪，其中， ​展开c,0,0,0
新闻,联合医疗保险公司CEO被枪杀后，川普儿子在推上发了枪手照片，希望有人举报此人。（图一）图二 是两个高赞回复。第一个说：你想让我们把这家伙交给警察？傻逼!你很有钱，当然不会明白（穷人的难处）。第二个说：有多少人死于联合医疗拒绝支付医疗索赔？我不知道为什么不断发布这条新闻，被谋杀的人 ​展开c,0,0,0
新闻,AG超玩会超话今日份康平路新闻播报如下：疑似AG拿了年度总决赛冠军和2200万奖金，没给ctbz上炮，于是挑杯被穿了小鞋？疑似K甲入侵了KPL？疑似ctbz故技重施像2020年一样不让一家独大，另有自己想捧的心肝。确定以及肯定@成都AG超玩会是窝囊糊涂的可怜虫 ​,0,0,0
新闻,#中山美穗在浴缸中去世##中山忍#果然，媒体还是没能放过中山忍，哎。刚看到的一篇报道。在中山美穂54岁不幸离世的消息传出后，12月7日下午1时许，51岁的妹妹中山忍出现在东京的姐姐家中。她身着黑衣，驾驶面包车到达，下车时向媒体深深鞠躬，随后进入美穂的住所。前一天晚上8点左右，她也曾来到此地 ​展开c,0,0,0
新闻,【#广州将在必要情况下对电动自行车实行总量控制#】O广州将在必要情况下对电动自行车实行总量控制广州市政府根据道路交通发展状况和发展导向，综合考虑交通出行合理需求，可以对电动自行车实行总量控制。12月5日，广州市人大官网发布《广州市电动自行车管理规定》，提到上述内容。在当天举行的《管理规定》新闻通气会上 ​展开c,0,0,0
新闻,日经新闻最新销售数据显示（3Q24），比亚迪超越美国福特，位居全球汽车销量第六位。福特公司成立于 1903 年。2003年，比亚迪成立，整整100年。#海外新鲜事##地球大棋局#​,0,0,0
新闻,#探访李子柒同款山东漆器髹饰技艺#【直播预告｜非遗之美在“漆”中——探访“李子柒”同款山东漆器髹饰技艺】#在山东沉浸式体验中国漆器技艺#穿梭于泰山的雄伟与黄河的壮阔之间，领略大自然的鬼斧神工。步入孔庙孟庙，感受儒家文化的博大精深。走近非遗传承人，体验鲁绣、山东快书等传统艺术的魅力和 ​展开c,0,0,0
新闻,【“食尚两岸·香聚沙县”海峡两岸美食展火爆进行中】#聚焦12.8#连日来，“食尚两岸·香聚沙县”海峡两岸美食展火爆进行中，吸引了全国各地的游客前来打卡，品尝地道美食。@福建新闻广播fm1036@紫杉雾影据了解，本次美食展的主会场设置展位270个，包括本地小吃展位30个，台湾小吃展 ​展开c,0,0,0
新闻,【#像小米奇的男孩称家庭圆满有出生证明#】12月6日，杜小华发布视频称，DNA检测结果已出，和小米奇长得很像的饺子馆男孩并不是小米奇。当事男孩在12月6日也发了部分自己1到17岁的照片称，虽然和小米奇有点像，但他不是大家口中的杜爸爸的小米奇。此前结果出来之前男孩也表示自己家庭圆满且有出生证明， ​展开c,0,0,0
新闻,@头条新闻【#王楚钦说法国队实力很强具有威胁性#】据WTT世界乒联：2024年成都混合团体世界杯第二阶段比赛，已经锁定四强的中国队迎一日双赛，8-0零封法国，今晚19:00还将对阵罗马尼亚。赛后接受采访，王楚钦表示：今天发挥还是挺好的，通过一场场的混双逐渐找到了紧凑的好的比赛感觉。法国队选手实力 ​展开c,0,0,0
新闻,小男孩放学偶遇心中爱车满眼羡慕，车主热情邀请上车体验，网友：这是遇上“懂车弟”了 …（大江新闻）L不得鸟的微博视频​,0,0,0
新闻,【#爸爸去世留了双眼睛看女儿长大#】近日，湖北武汉，的哥郝明（化名）因病离世，家人忍痛决定将其器官捐献。经医生评估，郝明的一对眼角膜将帮2人重获光明。郝明的妻子说，女儿从小跟爸爸就亲，“把他的眼睛留在这个世间，看着心爱的女儿长大，是他最大的心愿。”#43岁爸爸离世捐器官救2人#，谢谢 ​展开c,0,0,0
新闻,【#雅思组合告别赛#】#雅思组合告别赛来了#12月7日，世界羽联发布2024年世界羽联世界巡回赛总决赛抽签结果。12月11日至12月15日，2024世界羽联世界巡回赛总决赛将在浙江杭州奥体中心体育馆开打。此前，羽毛球奥运会冠军在社交媒体发布长文，宣布将“正式退出国际赛场”，这也将是他们在国际赛场的告别 ​展开c,0,0,0
新闻,FortPeat超话等我插播一条新闻不是？！我粑亲的？？！​,0,0,0
新闻,樊振东超话#樊振东#💙#樊振东大满贯#💙#超话大赏#关于东哥的勾手发球，这则新闻里涉及到了，而且有东哥勾手发球的片段。德班世乒赛选拔赛“直通德班” ，@樊振东在前一天的混双比赛中摔倒了，大家都很担心他。说：手、腿、背蹭了一下，都是硬伤，没有什么特别难受的，今 ​展开c,0,0,0
新闻,#榜样的力量#【转发祝贺！#中国姑娘破2项世界纪录夺3金#】今天，2024年世界举重锦标赛在巴林举行。在女子45公斤级决赛中，中国选手赵金红发挥出色，凭借着抓举87公斤平世界纪录、挺举113公斤和总成绩200公斤打破两项世界纪录的好成绩，包揽该级别三枚金牌。中国队举重世锦赛开门红，恭喜！ ​展开c,0,0,0
新闻,#泰国星暹新闻#【老人开车撞死16岁少女   车内搜出400粒毒品   辩称不知情】当地时间12月6日下午5点，乌隆府警察局接到报告称，一辆轿车与摩托车相撞，导致一人死亡。事故发生在乌隆府府城县下附近的城市排水渠桥上。警方在轿车内发现两包毒品。随后，乌隆府府城县警察局调查组、乌隆府中心医院值班 ​展开c,0,0,0
历史,山海经不是神话传说，而是人类丢失的12万年历史故事...#文博科普#L环球纪录频道的微博视频​,0,0,0
历史,1989年真实影像：数万东德民众冲破阻拦，长途跋涉逃往西德………#历史影像#L潘金莲日记的微博视频​,0,0,0
历史,提一个自己的观点，从历史的角度看，欧陆的崛起必然伴随着西亚奥斯曼土耳其的衰落，而奥斯曼土耳其衰落的顶点是一战以后的总解体和阿拉伯地区的独立，而这可以看成是西欧成为世界文明中心的结果。二战虽然打碎了西欧的强权，但大体上苏联依然是立足于欧洲的强权，美苏争霸的焦点依然是围绕西欧地区。 ​展开c,0,0,0
历史,易纲的这种经济学投降主义观点，是知识分子和商人的通病，只从一个具体经济利益角度看问题。绝对不能从历史和政治角度来看，不然的话，秦桧、万俟卨、汪兆铭都能拿来当挡箭牌翻案了！因为按照这种纯粹从经济学投降主义的角度看，请问是不是东晋不报复五胡不去收复中原，北宋不报复契丹不去收复燕云十六 ​展开c,0,0,0
历史,有许多人不了解阿拉伯人和穆斯林在世界科学与发展中所起的作用。许多人对西方和美国感到惊叹，认为它们是文明的象征，但事实上，当巴黎还是垃圾沼泽时，阿拉伯国家正处于辉煌和繁荣时期，并为世界在各个科学领域做出了卓越贡献。历史从不撒谎。正如中国历史极其辉煌且充满知识与智慧，阿拉伯世界的 ​展开c,0,0,0
历史,历史纪录片《文明的碰撞》涵盖六个大陆，三十一个国家，超过五百件艺术品via#历史纪录片##小二分享#L环球纪录频道的微博视频​​​,0,0,0
历史,#咸鱼大王的电子日记#女高中生分享欲真的很强不仅是零食还有她们的日常每次我走进班里或者是她们来我办公室第一句话永远是历史老师我跟你说！！！！！而且经常三四个人同时说我说好！！一个一个说慢慢来！！！就这样吃到很多瓜 ​,0,0,0
历史,#历史上的今天#1937年12月7日，日军步兵第七联队抵达南京东郊的索墅镇以西地区，与南京卫戍军的防御阵地对峙。12月7日傍晚，第七联队主力展开队形，准备第二天向中国守军阵地发起进攻。图为向南京进犯的日军步兵。 ​,0,0,0
历史,这么些年孜孜不倦在微博上讲历史知识，应者寥寥，敝帚自珍，以下是2024年的部分总结，供您闲暇时观览1、古人怎么计算年龄微博正文2、早期《周易》和其玄学、历史、哲学的三个维度微博正文3、文献能不能证明相士许负是女性微博正文4、《商君书》里的 ​展开c,0,0,0
历史,#北京篮球历史文化季##北京男篮号码档案#第二期在线互动答题来啦！今儿上难度了！在北京男篮参加职业联赛的三十年历史中，170余名球员一共使用了46个号码。那么问题来了：【有哪些号码，迄今为止只有一个球员穿过？（举例：81号只有金意彭穿过）】第一个答对所有这些号码的球迷，赠送精美周边2个！​展开c,0,0,0
历史,p1这个眼神表达配合镜头太好了，红薯上好多视频封面都选的p1叶祖新的演技给曾庆杰的镜头质感提升很多，来个历史剧演演啊 ​,0,0,0
历史,【新粉须知】过去多年来的历史可证，本人有把握做到股势预期的准确率：大势（年）99，中势（半年）85以上，短势（月）80以上，超短（周）75以上，日间70以上。也就是说，本人对股市行情的各势预期，有信心契合未来实际行情的涨跌方向，如果久看，肯定受益。所以，有资格要求所有粉丝，绝不能无声无息 ​展开c,0,0,0
历史,【安利官来了~#季英英问蜀地有哪些名人#】自古以来蜀地人才辈出，他们有人在这里出生，有人在这里做官，有人游历路经此地，多有遗址或纪念物留存……评论区一人介绍一个蜀地名人，带着季英英@谭松韵seven打卡名人足迹！#每天安利一个宝藏#谭松韵超话L四川观察的微博视频​,0,0,0
历史,【康得新董事长被判有期徒刑15年，这背负的罪名还有刑期，都算创历史的吧！】 ​,0,0,0
历史,唉，研究清史，最方便的就是档案史料浩如烟海，但是最难的就是普通人看不到，别说网络免费提供高清扫描版，即便是肉身去北京第一历史档案馆，不仅还要几乎退出历史舞台的「介绍信」，而且很多档案封档，根本不提供查询，比如同治陕甘所有档案；纵然侥幸提供，既不给拍照，也不给拷贝，只能在他的电脑上 ​展开c,0,0,0
历史,以前总是在想我要回到我和我的孤独里去，后来发现回去了也不高兴，还让别人都不理解我。到现在因为火星看到一点点幸福而感到幸福的时候我都特别感动。会旁观别人的美好然后掉眼泪。后来我也被火星人带着加入这种幸福，在细微的幸福里看到的一点点希望，然后慢慢向前走，回到地球之后经常想不明白脑子里 ​展开c,0,0,0
历史,早在1950年，《人民日报》就曾发表社论：只有反动派才反对蒙古独立。1950年2月24日《人民日报》刊发了华北大学教授胡华的《关于承认和保证蒙古人民共和国的独立地位》一文。文中指出：在中国历史上，大家知道，蒙古统治者曾经侵入过中国本部，建立过元朝。汉人朱元璋灭亡了元朝建立明朝，蒙古归明朝统 ​展开c,0,0,0
历史,#紫燕百味鸡事件#它不便宜的怎么敢啊对于这次的紫燕百味鸡有问题我是认可的，只是老爸测评历史翻车太多太多了，无论是自己收厂商坑位费还是带的品有问题，婴儿带的品都能有问题...这次的事件很明显也是想营销造势给自己加热度紫燕百味鸡事件 ​,0,0,0
历史,#减肥或可预防或延缓阿尔茨海默病#中医鬼才倪海厦:老人痴呆症的主要原因是什么?听听倪师的讲解倪海厦探讨老人痴呆症和骨质疏松症的主要原因，指出这些疾病是现代西药副作用所致，特别是对肾脏的……#一条音频告别2024##音频赋能计划#听见微博超话峰哥一切为了健康的微博音频​,0,0,0
历史,接下来小小的期待下清明上河图密码中的乌眉儿吧#电视剧##清明上河图密码#​,0,0,0
历史,【#A股创下2个新纪录#，#ETF产品数量已破千只#】12月6日，股票型ETF成交显著放量，合计成交金额近1200亿元。其中，22只中证A500ETF成交额合计近300亿元。当前，ETF产品数量已突破千只，年内净申购额首次超过万亿元，均创下最高历史纪录。与此同时，ETF新品还在持续上报，南方基金、富国基金等公司上 ​展开c,0,0,0
历史,#﻿邓为爱奇艺尖叫之夜#小为真的聪明又品味一流活动出图越来越像一次次主题拍摄服饰、置景与构图，成为创意与思考的表达🇲🇴活动，一水的港风片里选择拍摄马术的主题，优雅、贵气、腔调，契合城市的历史与气质，视频片头的玩具小马是童心，又足够有趣特别估计又有人要抄作业 ​,0,0,0
历史,aespa超话#aespa萧邦全球品牌大使#「Supernova」韩区Spotify累计流媒突破700万，历史第一首达成的SM歌曲，2024年第二首达成的女团歌曲 ​,0,0,0
历史,阿里合伙人樊路远：阿里大文娱集团一定要在15年到18年之内做到全球娱乐行业的第三。为什么第三呢？我也想了好久，第一是奈飞（Netflix），人家现在4000亿美金，咱也算了吧。第二是迪士尼，100年历史了，咱们也算了吧，有点自知之明。 ​,0,0,0
历史,金硕珍打破Spotify 纪录！日本流媒体历史被改写！ ​,0,0,0
历史,雪幕将至，御雪而行。全球高奢滑雪时尚运动品牌BOGNER博格纳，在崇礼万龙滑雪场开启了2024冰雪大秀的中国传奇首秀。珍贵的原装詹姆斯·邦德服饰套装从德国远道而来，登上秀场，重现小威利·博格纳为多部邦德系列电影拍摄的经典场景。在92年高奢专业滑雪的历史长河中，BOGNER博格纳不断推陈出新，延续专业 ​展开c,0,0,0
历史,我回答了@王胖胖它爸的问题，我国关于婚恋类的东西，里面有大量的历史设计变化。而且讲穿了你会发现，很多法律法规设计出的结果，可以看出设计者没什么逻辑。婚恋法规，是最打破法律行业“精英幻觉”的东西。O微博问答​,0,0,0
历史,#江西风景独好#钓源古村位于江西省吉安市吉州区兴桥镇，距吉安城区17公里，古村始建于唐朝末年，是北宋著名政治家、文学家欧阳修的后裔及同宗聚居地。古村现存风姿各异的，150余幢赣派明清建筑依山就势，布局如八卦图形，村内有一条高约9米，蜿蜒千米、呈东西走向的S形山脉，上植2万余株古樟树，村中 ​展开c,0,0,0
历史,伟大的20年线，它还是有效。大概2026年创历史新高。春季行情至少到6124-5178的连线，多少来着？我躺着，你们谁方便划一下发评论区。@橙长秭归，秭归九月红脐橙，滚滚红橙，人间值得。 ​,0,0,0
历史,宋词守陵人，大宋最后的风流，一口气看完“樱桃进士”蒋捷的一生。码住了解下。L不想长大lc的微博视频​,0,0,0
汽车,翻看以前微博，发现哥10年前就预测了小米会造汽车，你们服不服​,0,0,0
汽车,汽车新增OBD年审被骂上热搜！全网最详细解读，以后都这么坑吗？如何应对？L牛哥说车的微博视频​,0,0,0
汽车,凑出了九宫格因为太喜欢这个波多黎各红所以拍了好多（还混了两张纯人像）这个紫红色我上次静态拍摄的时候就有跟小飞总说：“希望国内版本也有紫红！”试驾的时候终于来了一台还特别幸运的分给了我看到实车我在某一个瞬间想到甄嬛传里的华妃那种张扬的 明媚的 艳丽又不俗气的美​展开c,0,0,0
汽车,都说磷酸铁锂电池冬季拉胯，理想汽车CEO李想之前也曾表态，不会做磷酸铁锂的车，当然那是在理想L6出来之前。磷酸铁锂电池在低温环境下的诟病主要有两点：1是电池电量估算不准，容易出现电量断崖式下降的情况，2是电机功率输出受限，提速慢动力弱。是什么原因让李想有底气做磷酸铁锂的车了呢？ 针对 ​展开c,0,0,0
汽车,据路透社看到的 11 月 8 日致客户的一封信，德国化学品和消费品巨头汉高上个月告诉客户，该公司已宣布不可抗力并暂停交付汽车制造商广泛使用的四种粘合剂和润滑剂，并将北京方面 8 月份宣布的锑出口限制归咎于此。汉高使用这种银色金属来生产其 Bonderite 和 Teroson 品牌产品，这是该公司粘合剂技术 ​展开c,0,0,0
汽车,#吉利银河星舰7上市9.98万元起#12月6日晚，吉利首款搭载雷神EM-i超级电混的车型，银河星舰7正式上市，共推出5款车型，2025年1月31日前大定，可享先享价9.98-13.28万元。接下来，为大家输出一波新车亮点：这款车最大的亮点就是搭载雷神EM-i超级电混，简单说就是经济性非常出色。可以实现CLTC工况馈 ​展开c,0,0,0
汽车,现在有些车发布的价格我都替他担心….真的能赚钱吗….车企不是搞慈善的，降价就是为了占有市场，活下去，可是市场就那么大，有人笑就有人哭…狭路相逢勇者胜，谁扛不住谁出局…. ​,0,0,0
汽车,领导者的优势到底有多大？举一个最简单的案例：轩逸的销量变迁轩逸在18-22年连续5年都是中国市场A级轿车的销量冠军——18年47.66万，19年48.4万，20年54.7万辆，21年50.8万辆，22年41.5万辆从产品力的层面来看，21年秦PLUS推出以后日产的产品力就已经全面落后了。但是，轩逸依靠价格和品牌认知 ​展开c,0,0,0
汽车,小胡说车新展厅第一单成交！全套服务必须安排上！#我的汽车生活##武汉二手车##小胡说车#L小胡说车的微博视频​,0,0,0
汽车,商战就是这么“朴实无华”…岚图新梦想家销量起来了，马上就会有各种姿势的谣言，小作文登场无法在产品上打败对手，尤其是全新梦想家，那就想想其他办法那问题来了，你觉得岚图销量的上涨动了谁的奶酪？#岚图汽车辟谣销量造假#​,0,0,0
汽车,"2，接上文我交了900的长途费，上次跑了一半，今天来跑剩下的100公里。教练说:""你必须先把带考费交了，不然我就不带你跑长途了。""我:""为什么？""教练:""你跑完了长途，以后你跟着别人考科三，我就赚不到你的工资了。""我:""我不想在外面住，我想自己去考。""教练:""那你就押500给我，到时候你拿着 ​展开c",0,0,0
汽车,车辆年检搞obd那套，我的对策就是大不了把车报废了，绝不再买新车。出门打车公交的费用，比养一辆车省多了。这下可以皆大欢喜了​,0,0,0
汽车,很多人因为长安启源E07强大拓展能力，叫他国产Cybertruck。我觉得是不恰当的，这台车根本不是美式皮卡的设计逻辑，相反，它是更适合中国用户的“变形金刚”#长安启源E07 数智新汽车试驾体验L我是李尾灯的微博视频​,0,0,0
汽车,说一说关于小米的事。最近很多海狗朋友希望泰迪和米猴打起来，是什么用心想必不用我多说。在他们眼中，泰迪和米猴友好相处就是泰迪给米猴跪下。但是他们从来不会想到，会不会只是单纯因为自己太讨人厌，太招人烦了。当然我不能代表任何泰迪，我只能代表我个人。比亚迪和小米某种程度上是一样的企 ​展开c,0,0,0
汽车,#男子300多万买俩路虎提车被拒#按照行情来推算，这个大哥应该是看上路虎卫士，这个价位也能买到尊界S800，如果你有100多万，路虎卫士和尊界S800会怎么选择？ ​,0,0,0
汽车,小米 SU7 ULTRA 1:18 合金车模大家觉得怎么样？祝大家周末愉快！🇨🇳🍚#新能源汽车##赛车#@雷军@小米汽车​,0,0,0
汽车,美国媒体的脸盲症∶中国电动汽车的快速普及有一个缺点——这些汽车看起来都一样 ​,0,0,0
汽车,#吉利控股支持汽车业务##广汽商用车版图重整##乘用车企涌商用车##广汽长安奇瑞商用车战略#【乘用车企集体涌入商用车赛道】 催动乘用车企业迈入商用车领域的一大原因，在于整个汽车行业的电动化与智能化转型。当前乘用车已率先走上转型道路，而商用车的转型相对而言还有较大的提升空间。   ​展开c,0,0,0
汽车,煽情的哥子起因是我刷抖音刷到一辆汽车掉到水里如何自救（玻璃锤的广），两个小家伙在我后面默默看….掉在水里的男士逃不出去了，给老婆孩子打电话边哭边告别，结果他在后面哇的一声哭了，整个情绪崩溃。把自己哭过敏了都孩子同情心太强了，能轻易感知到别人的喜怒哀乐，感觉这不是一件好事儿啊 ​展开c,0,0,0
汽车,叫你练车的时候骂那么大声！L有理想的蓝大的微博视频​,0,0,0
汽车,#庄警播报#近日，交警巡逻时发现一辆面包车行驶缓慢，疑似超员，于是将该车拦停检查。经查，该车核载7人，实载11人。驾驶人称车辆搭载的都是前往附近工地的工人。执勤交警对乘员进行了安全教育，告知他们超员的严重危害，并要求驾驶人对超出乘员进行安全转运。最终驾驶人因驾驶7座以上载客汽车载人超 ​展开c,0,0,0
汽车,【华为数字中国行2024·安徽新质生产力创新峰会在合肥举行 张红文余承东致辞 李中出席】12月6日上午，华为数字中国行2024·安徽新质生产力创新峰会在合肥举行。省委常委、市委书记张红文，华为常务董事、终端BG董事长、智能汽车解决方案BU董事长余承东出席并致辞。副省长李中出席，中国工程院院士、清华 ​展开c,0,0,0
汽车,富春山居，和胖友们一起说说理想的过去，现在，和Jǐang来。#理想L9##理想MEGA#2杭州·富春山居度假村​,0,0,0
汽车,不愧理想汽车，冬季出行的理想之选！！冬季对新能源电动车是巨大考验，低温让用户面临座舱冷、续航降、充电慢三大痛点。理想汽车专注研发，全力攻克这些难题，致力于打造冬季最佳出行体验的新能源车。理想汽车的多源热泵系统，可“自产自销”快速制热，其制热能力优于行业常规做法，让车内快速升温 ​展开c,0,0,0
汽车,我要实名举报#小鹏p7+#太结实了！后面的小车都快报废了，你只是后备箱盖伤到了！#小鹏汽车#你不讲武德啊！你在乎过后车的面子吗？你让别的车企怎么面对这现实？小鹏汽车超话​,0,0,0
汽车,比亚迪王传福还是太超前了，在20年前就意识到了芯片产业的重要性。当时还没有造车，差点去造芯片了两度计划收购西班牙和美国的芯片厂，但是都没有成功，而且这两次还都是间接或直接因为老美的问题#新星闪光计划##比亚迪##工程师之魂#​,0,0,0
汽车,特斯拉真是行为艺术大师。之前特斯拉一直以善于制造彩蛋著称，这次他们直接弄了个真的彩蛋。最近特斯拉在内华达工厂的 Semi 卡车顶上放了个复活节彩蛋，只有天天在这里飞来观察的 KOL 才能发现它。L常岩CY的微博视频​,0,0,0
汽车,所谓特斯拉技术开源这个事儿，各路神神吹的多了还真的有人信马斯克各种放炮说要开源，但无论是三电技术还是智能化的技术，国产汽车品牌全都是自己摸索前进的，啥时候用到他的技术了？ ​,0,0,0
汽车,FSD V13版本发布后特斯拉股价连续大涨两个交易日，人类距离AGI又近了一步，特斯拉和马斯克已经实现了飞轮效应，理论上没有最高价，但是为了满足各位的好奇心，本频道就暂定一个短期目标：1500元吧。 ​,0,0,0
汽车,日经新闻最新销售数据显示（3Q24），比亚迪超越美国福特，位居全球汽车销量第六位。福特公司成立于 1903 年。2003年，比亚迪成立，整整100年。#海外新鲜事##地球大棋局#​,0,0,0
科学,“发现旋齿鲨化石似乎只能是大男人所为”看到图1里的公众号，不提对立问题，就单纯觉得小编作为古生物相关的公众号实在没常识...古生物学界的很多重大发现都是女性科学家做出的贡献，列表里也有不少正在进行古生物研究或对古生物感兴趣的女性朋友   ，她们来自世界各地，跨越不同年代，都怀着对古生物 ​展开c,0,0,0
科学,科学家收到太阳系边缘的混乱信号，旅行者一号遭遇了什么？#微博公开课##生活冷知识##天文探索计划#L宇宙-观察的微博视频​,0,0,0
科学,#控糖从胎儿时期就要开始了#【考考你：生活中常见的白砂糖属于以下哪种糖类？】#控糖到底是控哪些糖#有点健康意识的朋友，都听说过摄入过多的糖会危害身体健康。于是，大家都开始有意识地控糖。不过，很多人都觉得，控糖是大人的事，小朋友吃一点糖似乎没什么，只要注意刷牙，预防龋齿就好。哦，还有女 ​展开c,0,0,0
科学,【板栗仁变褐色就不能吃了？】#中新真探#板栗仁颜色变成褐色，是因为栗子发生了褐变。板栗褐变可分为酶促褐变和非酶促褐变两种。酶促褐变是指在多酚氧化酶和过氧化物酶的催化作用下，板栗中的酚类物质被氧化成褐色甚至黑色物质的过程。非酶促褐变主要包括焦糖化、美拉德反应和抗坏血酸氧化3种类型，主 ​展开c,0,0,0
科学,何泽慧（1914年3月5日—2011年6月20日），女，籍贯山西灵石，江苏苏州人，杰出的核物理学家。1936年毕业于清华大学。1940年获德国柏林工业大学工程博士学位。1980年当选为中国科学院学部委员。被誉为“中国的居里夫人”。 ​,0,0,0
科学,你知道具有超级再生能力的动物有哪些吗？#追星就追科学家#校园公益科普活动，盱眙，我们来啦~@科大讯飞联合@未来论坛FutureForum邀请数位顶尖科学家，希望在青少年群体中掀起尊重科学、崇尚科学、探索科学的风潮！这次和北京大学生命科学学院副教授，2023亚洲青年科学家基金项目研究员-生命科学— ​展开c,0,0,0
科学,【#一株坚韧的中国小草屠呦呦#】#人民需要这样的科学家#“编号191号。”1971年10月4日，中国中医科学院的实验室内，科研人员屏息凝神，紧紧盯着面前的设备。“191号青蒿乙醚中性提取物样品抗疟实验的最后结果出来了，它对疟原虫的抑制率达到100%！”科研人员的语气中抑制不住喜悦。“到底找到了！” ​展开c,0,0,0
科学,笑鼠了啊啊啊当我以科学的态度进行分析be like：小雕你要不要这么严谨！！！ ​,0,0,0
科学,行动力不足的真正原因是选择模糊。大多数人认为自己行动力差是因为不够自律、意志力弱，或外界环境的干扰太大。其实这些分析都没有说到点子上，因为 脑科学告诉我们：行动力不足的真正原因是选择模糊。所谓选择模糊，就是我们在面对众多可能性时无法做出清晰、明确的选择。当你心中有很多欲望、 ​展开c,0,0,0
科学,董宇辉超话12月5日下午，董老师访谈谢华安院士等科学家，总结了南繁科研育种基地的科学家们背后的艰难困苦、无私奉献和巨大贡献，感念并致敬那一代人，为了能让我们吃饱饭、吃好饭所付出的热情、勇气、使命和大爱。#董宇辉拥有暖评最多的评论区##与辉同行破万卷#L格格来了0503的微博视频​,0,0,0
科学,【“心领域”的科学探索 第83期科普中原讲坛在郑州举行】2024年12月6日，第八十三期“科普中原讲坛”在郑州举行。本次活动由河南省科学技术协会、河南广播电视台联合主办，河南大象融媒体集团、河南省农村专业技术协会承办。本期讲坛邀请国家优青基金获得者、河南省卫生健康系统十大杰出青年、郑州大学 ​展开c,0,0,0
科学,#健闻登顶计划##女性健康研究#美-长期忽视女性健康研究到了必须改进的时刻！美-国家科学院、国家工程院和国家医学科学院（NASEM）发布有关女性健康的研究报告，并呼吁拨款$160给美-国立健康研究院（NIH）建立新的女性健康研究所。说实话，这篇报告真不是好时机，川普正打算整合NIH，较大幅度的砍掉研 ​展开c,0,0,0
科学,【#冬季养生要多吃哪些蔬菜#】#冬天宜早睡晚起#随着大雪节气来临，气温骤降带来的健康隐患增多。中国中医科学院针灸医院主任医师黄涛表示，进入冬季，很多怕冷的人关节疼痛加重，有基础疾病的人脑梗死、高血压等基础疾病易发。冬季还会出现皮肤干燥瘙痒加重、呼吸系统疾病肆虐、小儿感冒咳嗽发烧频发 ​展开c,0,0,0
科学,【#益生菌的几个误区你踩雷了吗#？#补充益生菌真不是多多益善#】误区一：益生菌可以包治百病。目前的科学研究表明，益生菌虽然对某些疾病有一定的辅助治疗作用，但并不能替代药物治疗。误区二：所有的益生菌都差不多。实际上，不同的益生菌菌株有不同的功效和作用机制。误区三：益生菌可以长期服用。虽 ​展开c,0,0,0
科学,雪到威海站，晚点一天。​昨天才是二十四节气之一的大雪节点。​但是昨天阳光朗照，天气晴好。​先贤们是怎样捕捉到某些宇宙机密的？​据传马斯克说过，没有发明创造​机密都是通天者猜中密码悄悄下载的。​​于是智力竞争成了猜想游戏。​静观，内省，归零，顿悟​成为科学，哲学，诗歌与艺 ​展开c,0,0,0
科学,#一条音频告别2024##听见热爱 大胆开麦#女性到底有多美？女性的眼睛既可以温柔的注视痛苦，也可以锐利的俯瞰繁华，女性的双手既可以烹饪出流转的美味，也可以指挥行进中的航船，女性可以在艺术中浸润出一份修养，也可以在科学中历练出一种风度，这世界有多美，女性就有多美！情情就去看海的微博音频​,0,0,0
科学,【华为数字中国行2024·安徽新质生产力创新峰会在合肥举行 张红文余承东致辞 李中出席】12月6日上午，华为数字中国行2024·安徽新质生产力创新峰会在合肥举行。省委常委、市委书记张红文，华为常务董事、终端BG董事长、智能汽车解决方案BU董事长余承东出席并致辞。副省长李中出席，中国工程院院士、清华 ​展开c,0,0,0
科学,【#冬季咳嗽用药有讲究#1234原则记心上】咳嗽来袭，别乱吃药！专家说：①咳嗽是身体在自我保护，别着急止咳；②抗生素非万能，病毒咳嗽它无效；③硬扛不是法，及时就医才是道；④有痰就祛痰，选对药很重要！点赞+关注，记得科学用药，守护健康哦！LCCTV生活圈的微博视频​​​,0,0,0
科学,#聚焦腾冲科学家论坛#【清华大学人工智能研究院副院长朱军：人工智能不是去替代人，但它可能会替代不去掌握这门技术的人】#2024腾冲科学家论坛#（云南网记者 张梅焕 娄新月 期俊军）L云南网的微博视频​,0,0,0
科学,【“我们都是追梦人”科学家精神剧目展演（三）】弘扬科学家精神，展现青春风采，12月5日、7日、8日，中国科协科学技术传播中心“我们都是追梦人”科学家精神剧目展演活动直播，展现来自5个省市的剧目风采，生动再现科技工作者用生命书写的光辉岁月。本场剧目：儿童剧《我想登上那颗星》、话剧《约定》 ​展开c,0,0,0
科学,#人与自然和谐共生#【为国际荒漠化防治提供中国经验】今年是我国签署《联合国防治荒漠化公约》30周年。环塔生态屏障的最终“合龙”，不仅彰显了中国对全球增绿贡献的履约典范，也意味着中国正由全球环境治理参与者到引领者的重大转变，由实践探索向科学理论引领的重大转变。@光明日报​展开c,0,0,0
科学,你看，这王化还敢转我微博，你说小米要是有点法务，需要这公关天天在网上咋胡咋胡嘛，还不是法务无力，除了指名道姓造谣的一律没有任何办法也不要说我战斗力强，我只是恰好记性好，没有忘记一些历史，又懂点科学和逻辑，把事情组合起来了，这都叫战斗力强，不妨思考下战斗力弱的本质是什么。 ​,0,0,0
科学,最新消息：我们内部的科学家们正在致力于研究中微子。它带给我们宇宙世界诞生的先天逻辑。中微子记录了如何永恒生存下去的秘密，它也告诉我们对信息数据以及纳米粒子运动的干扰，存在着人可为之的可能性。恰好能为我们这片土地的文明升级带来急需的技术。为我们开启天地一体空天屏障，并加强对核武 ​展开c,0,0,0
科学,相比之下，体积更小的纳米塑料被认为毒性更大，因为它们能够通过肠道和肺部直接进入血液，并从那里进入心脏和脑等器官；还可以侵入单个细胞，并穿过胎盘进入未出生婴儿的身体。科学家正在竞相研究这些塑料颗粒对各种生物系统可能产生的影响。  ​O一瓶水，包含了多少塑料？​,0,0,0
科学,【越是想要，越得不到？重视幸福的人，会比别人更加幸福吗？】越来越多的人将追求幸福视为重要目标。然而，心理学研究者发现，想要幸福并非总是对幸福有益。美国期刊《心理科学》刊登了日本京都大学研究者的一项研究，他们对2019~2023年荷兰8331人的五波纵向追踪调查数据开展分析。交叉滞后分析表 ​展开c,0,0,0
科学,【新研究颠覆人类进化论述，大脑袋是逐渐进化而来的】一项关于人类大脑进化的新研究揭示，现代人、尼安德特人和我们进化血统中的其他近亲的大脑发育速度明显快于早期物种。人类及其近亲通过物种内部的渐变进化出更大的大脑，而不是突然的飞跃。 这项研究挑战了旧观念，揭示了数百万年来大脑进化的复杂 ​展开c,0,0,0
科学,【2025年汉中市食品安全“你点我检 服务惠民生”抽检品种意见征集】为科学制定2025年食品安全监督抽检计划，提升食品安全抽检的针对性和实用性，进一步维护好人民群众“舌尖上的安全”，汉中市市场监管局开展2025年食品安全“你点我检 服务惠民生”问卷调查。广大消费者可以通过扫描下方二维码，对您 ​展开c,0,0,0
科学,【黄石市中小学生科学教育展演活动】12月7日，黄石市中小学生科学教育展演活动在湖北师范大学附属磁湖中学举行。（记者 石勇 曹洋博 阮瑞褀 吴丹 程鑫）L黄石发布的微博视频​,0,0,0
科学,近日，为更好助推健康生活方式的传播与普及，康宝莱携手权威专业机构全民健康生活方式国家行动办公室、上海君石生命科学研究院、中国疾控中心营养与健康研究所共同开启“全民健康生活方式知识竞赛”，并于12月6日在北京举行开赛仪式。本次知识竞赛于12月6日-25日期间以线上答题方式举办，公众可参与 ​展开c,0,0,0
读书,人为什么要读书？这是我听过最好的答案。#文博科普#​,0,0,0
读书,#贺峻霖一路繁花#雨中美人，手背抵着红唇又纯又欲啊啊啊L仓仓仓鼠不归的微博视频​,0,0,0
读书,无论再读多少书，我私心最爱的作家，永远是狄更斯和阿加莎·克里斯蒂。对我来说，只有读这两个人，读书才意味着休憩，意味着消遣，意味着长长的假日。任何时候，翻开《远大前程》，或者随机挑出一本马普尔小姐，我都感觉自己像回家了一样。 ​,0,0,0
读书,僵化的腦子不要再讀書了，你不過尋求更多證據佐證狹隘。沒有天分的手腳不要彈琴了，你不過擺弄姿態當個明星。賣弄後設的不要再導戲了，你不馴的弱智寫寫藝評就好。我心中的正義單純簡明地如同小學課本的第一章，為什麼你們這些揮舞正義旗幟的隊伍要對我苦苦相逼迫害指責？📖｜李 ​展开c,0,0,0
读书,姜惠元超话💕️#惠心妍状姜惠元#💕241206【8D NAVER更新】相关图片14pWacky Willy广告拍摄花絮“据说看到这张照片的所有人记忆中的初恋都被操纵成了姜姜惠元!”“我拍了705小时惠元读书的照片，达到了今年的阅读目标哦，我很自豪。”转载禁二改商用 请注明原出处————————— ​展开c,0,0,0
读书,#刘宇宁爱奇艺尖叫之夜#|#刘宇宁燕子京#|摩登兄弟超话刘宇宁燕子京|刘宇宁珠帘玉幕早安！新的一天，新的希望。愿你在忙碌中找到快乐，在平淡中发现幸福。早安，@摩登兄弟刘宇宁早安，摩饭们！K惟愿刘宇宁南珩刘宇宁离十六刘宇宁书卷一梦摩登兄弟刘宇宁 ​展开c,0,0,0
读书,不读书的人生有多么的残酷？一定要让不爱学习的孩子看看这个视频。L环球纪录频道的微博视频​,0,0,0
读书,今天帮某些人上点“大记忆恢复术”。20年前，公知们从来不说中国“卷”，反而会说“中国人不努力”，你看看人家“哈佛凌晨四点半的图书馆灯火辉煌”，看看人家“加利福利亚硅谷不夜城”，再看看“通用汽车昼夜不停的生产线”，“美国人都在努力读书、拼命工作”，“充满懒汉的民族是没有的前途的”。 ​展开c,0,0,0
读书,赵丽颖的情商和文化水平再次引发热议！这次诞生金句“别叽歪了”，上次还是在18年8月辟谣怀孕传闻，赵丽颖发文“给大家劈个叉吧”，隔年3月，冯绍峰就官宣赵丽颖生子，堪称回应经典。前段时间《浴火之路》采访现场，杨妞花提到了自己的真实经历，赵丽颖听了后说曾经看过她的故事，有被爽到……赵丽颖 ​展开c,0,0,0
读书,五点半起，看到这会，天已明亮。深冬怡人之事莫过于，居陋室，读圣贤书，养心神，清虚明净，通透有力。 ​,0,0,0
读书,【#25岁抗癌女网红卜娜娜6日去世#】#25岁抗癌女网红去世前左眼失明#25岁抗癌女网红卜娜娜于6日去世，确诊鼻窦部腺泡状横纹肌肉瘤，左眼失明，初中时父母分开各自成家，一个人靠兼职读书，警察是她从小的梦想，最终实现梦想录用为辅警。（津云）L大象新闻的微博视频​,0,0,0
读书,15147【📖】你测一些稿子给我一种读书只读简介，最后都是为了从“性别”审判一切的错觉。为什么要脱离时代背景和社会环境的影响只从性别去判断作品呢，哪位神仙经得住这种跨时空审判？掐头去尾断章取义的片段or仅仅因为作者是老登拿出来审判然后否决淘汰掉所有作品，这和自断双臂有什么区别？从来都 ​展开c,0,0,0
读书,【#抗癌网红卜娜娜去世年仅25岁#，曾是一名辅警，确诊癌症仅一年多，生前几乎失明】#横纹肌肉瘤是一种怎样的疾病#12月6日，抗癌网红卜娜娜的账号发布讣告，称娜娜于6日凌晨在医院病故。据悉，卜娜娜名叫卢文娜，今年25岁，是一名辅警。据其账号介绍，卜娜娜初中时父母离异，自己靠兼职读书，做 ​展开c,0,0,0
读书,女生攒瓶子卖废品被校内捡垃圾老人辱骂：读书读不起了L忆妙涵的微博视频​,0,0,0
读书,留点精力去读书、去运动，去奔赴想要的生活。#留坝#2汉中·留坝​,0,0,0
读书,或许人生总是伴随着失去与获得。在《长安的荔枝》中，李善德从一个胆战心惊的小官，临危受命，被迫成为荔枝使，历经重重困难，将荔枝从岭南送往长安，只为贵妃庆祝。当荔枝耗尽无数人力物力抵达宫中时，其新鲜与否已不再重要，朝中的官员们心知肚明却缄默不言，将小人物的命运淹没在欢庆的盛宴之下。正 ​展开c,0,0,0
读书,要想占据感情的高位，就不要全身心扑在爱情里请记住，女人搞💰的时候很美，干事业的时候很美，读书的时候很美，唯独全身心扑在爱情里的女人一点都不美。爱情来了挡也挡不住，请答应我至少留三分给自己做到很少把期望寄托在别人身上最重要的是：自我负责、自我成长，亲密关系是锦上添花。 ​展开c,0,0,0
读书,读书，书中自有黄金屋！ 用你喜欢的方式度过一生！,0,0,0
读书,小时候泉沟比西张繁华很多，爸爸在那里上班。那时我还是个爱读书的小孩，爸爸对我的期待还是成为一名作家，所幸我在理工科的道路上持续狂奔一去不返。爸爸会在下班路上给我带回一些书，皮皮鲁和草房子里的桑桑就这样陪伴了我的童年。他总说泉沟的书店比西张大很多，一直让幼小的我非常向往，长大后我离 ​展开c,0,0,0
读书,当你老了，回顾一生，就会发觉:什么时候出国读书，什么时候决定做第一份职业。何时选定了对象恋爱，什么时候结婚。其实都是命运的巨变。只是当时站在三岔路口，眼见风云千樯。你作出抉择的那一日，在日记上，相当沉闷和平凡。当时还以为是生命中普通的一天。——陶杰《杀鹌鹑的少女》 ​,0,0,0
读书,【#抗癌网红卜娜娜去世妈妈发声#：这一别再无相见】#卜娜娜患的是罕见软组织肉瘤#12月6日，抗癌网红“卜娜娜”的账号发布讣告称，娜娜于6日凌晨在医院病故。据悉，“卜娜娜”名叫卢文娜，是一名辅警。初中时父母离异，自己靠兼职读书，做过销售也摆过地摊。2023年5月，她确诊鼻窦部腺泡状横纹肌肉瘤。 ​展开c,0,0,0
读书,好想画画。。感觉身上有蚂蚁在爬π_π期末考还是太为难我这个读书废灵根了。。（草稿纸上扣下来的ro ​,0,0,0
读书,15156【📖】想问问大家关于摘抄的看法 我个人觉得如果把摘抄当成读书的一个任务好浪费时间（因为我没有这个习惯） 还是说摘抄就是在自己想做的时候摊开纸拿起笔写一些优美的句子放松心情🤔大家觉得摘抄有什么好处吗🤔 ​,0,0,0
读书,学而思新版快乐读书吧上市啦！阅读超话2呼和浩特L静姐聊童书的微博视频​,0,0,0
读书,小妞最让我感慨的还是她说不想为了身份就牺牲掉婚姻幸福，对自己找工作拿工签这件事超级坚持，即使现在这么困难，即使她特别受欢迎。而且她身边一堆越南菲律宾朋友都打算办配偶签，据她说她们的恋情也没什么不好的，但她一点都不受影响。我之前一直在想我不读书就去找她合伙开店，特别相信她创业能挣钱 ​展开c,0,0,0
读书,#实时号检测##书评#在尚未得知的时候，懵懂，在岁月见长的时候，学懂，终，读懂书中的故事。 ​,0,0,0
读书,半榻茶烟，一帘花雨；千秋经史，万卷诗书。 ​,0,0,0
读书,#生活手记#周末的亲子时光，读书馆半日游​,0,0,0
读书,为什么小人那么得意，其实都是君子的责任。君子没有尽到责任，小人才会猖狂。一个人，别人对你正直，你一定要对别人正直，否则就是修养不好；别人对你不正直，你也不可对他正直，否则就是纵容小人。但是读书人以君子自居，把一切过错都归咎于小人，这完全错了。一个社会只要君子都尽到责任，小人是 ​展开c,0,0,0
读书,看到这个片段 想起高一刚分科的时候 班里经常利用下午的新闻播放时间一起看电影 有次直接被彪彪抓到了  全班人被罚抄单词 我清楚的记得我抄了一本本子真的累死了那个时候我的同桌是班长  电是她偷偷带我们放的 被抓后主动和班主任说是她带头的罚她一人  但最后全班人都帮她说话9班真的是一 ​展开c,0,0,0
爱情,#此沙乔明庄#此沙你可真行啊，别人变脸你变眼，不管是一只眼两只眼三只眼，甚至是没有眼，都能看到溢出屏幕的演技，偶像派的颜值，实力派的演技，欢迎审判演技，来锁定12.14《多想和你再见一面》，电影《多想和你再见一面》将平凡人物的爱情亲情故事，以及为理想奋斗的历程融入澳门发展的浪潮之中 ​展开c,0,0,0
爱情,嘴上说着我不会喜欢你，下一秒就吻了过去L娱乐追剧英英_的微博视频​,0,0,0
爱情,【高清中字，见评自取】【八斗原创译制】【高颜值】【绝美的意大利少年的爱情故事】【一段段禁忌的恋情在海浪中悄悄发生】绝美的意大利少年们啊，他们在艳阳之下，上演了一段段美丽的爱情#电影种草官#​,0,0,0
爱情,#大都市爱情法#电影版精彩片段！天府泰剧超话L天府泰剧字幕组的微博视频​,0,0,0
爱情,现在已经习惯亚轩说山东话了，亚轩就这么水灵灵的唱起来了，山东版的因为爱情好像也不突兀#宋亚轩清唱因为爱情#LStarlight-宋亚轩星环记的微博视频​,0,0,0
爱情,#宋亚轩清唱因为爱情#在沈腾的一声声嘲 笑中，宋亚轩的演技突飞猛进#现在就出发#L林鹿舟岸的微博视频​,0,0,0
爱情,情书我的评分：有的电影既治愈又悲伤，《情书》便是如此。单从故事上讲，《情书》并不是一个唯美的爱情故事，甚至有点虐心。年轻时对爱情的懵懂，无数涌上心头却又似乎已经遗忘的回忆，都是那段青春岁月最美好的印记。但它的配乐、滤镜与剪辑又让它 ​展开c,0,0,0
爱情,lingorm超话💜#lingorm#邝毛这是给们拍了一首爱情MV啊适配任何一首情歌L奈沫i0o的微博视频​,0,0,0
爱情,云端之恋 클라우드 127云认为自己不配再待在学校，所以还是考虑出国，但放不下朋友们于是偷摸回去，结果在路上撞见了哥几个，大家决定在云离开前去旅行…恶女向善全员宠🌝💧这才是我们15r校园漫要宣扬的爱情友情亲情三位一体核心价值观🌚快进到大家一起包饺子👏🏻 ​,0,0,0
爱情,【LIVE合集】《爱情的模样》五月天/田馥甄/蔡依林/陈嘉桦/狮子合唱团“你是巨大的海洋 我是雨下在你身上我失去了自己的形状 我看到远方 爱情的模样”开启恋爱脑睡一觉，永远都爱这首歌LiveMusic现场的视频重点LLiveMusic现场的微博视频​,0,0,0
爱情,开悟的人看待世界的方式与众不同~她认为，每个人来到这个世界都有其特定的使命，灵魂在离开时应该比来时更加纯净和美好。她相信，内在的世界决定了外在的世界，一切的发生都是为了帮助自身成长。无论是爱情、金钱还是情绪，都能够主观保持平和的心态亦或理智，并找到其意义~ ​,0,0,0
爱情,其实我感觉黑尾要是不去搞排球，当医生挺好的，这个职业可以更好地帮助熬夜的老婆养身体（？）不过可能这样就需要掺合到别人的爱情里去了比如列夫揉着屁股跟他诉苦，说夜久踹的，黑尾当然没空看他屁股，但是队友一场，还是跟夜久说这屁股不能踹多了，模特的屁股也要赚钱的夜久：他又不是卖屁股的，你 ​展开c,0,0,0
爱情,Everyone!! 快去看电影wicked 《魔法坏女巫》！！！妈啊，太高能量了！！！我们的世界，太需要舞蹈和音乐了！！！不愧是全球最卖座音乐剧！！！绝对是本年最震撼电影，看完我直接起立鼓掌👏L毛小星Ryan的微博视频​,0,0,0
爱情,琼瑶去世后突然所有人都在谈论她，谈论她的爱情以及爱情观，其实我倒觉得她真的没有恋爱脑，就凭六十岁还能写出还珠格格这种故事就说明爱情只是她的兴趣爱好，她完全没从那段被诟病的爱情里得到任何名利，反而还损失了名誉和金钱，可以看出爱情还是个不怎么健康的爱好，但是这也没关系啦，她谈恋爱因为 ​展开c,0,0,0
爱情,行止和沈璃的爱情真是甜蜜至极，这正是我梦寐以求的爱情模样！#与凤行##赵丽颖#L剧集吐槽大会的微博视频​,0,0,0
爱情,#2024竟然能在影院听到张国荣#电影小倩的画面很精美，剧情也很在线，而且还叫人无限感动，关键是还买下了这首歌的版权，让我们在影院又听到了哥哥的歌声 ​,0,0,0
爱情,#能跟白羊座在一起很久的人#白羊座洗澡要放歌，上厕所要带手机，睡觉爱侧躺着，坐车要靠窗户，习惯性熬夜，无论友情还是爱情特别爱吃醋，你以为羊羊很有个性，殊不知是因为没有安全感白羊座吃醋第一名、疑心病第一名、占有欲第一名、emo第一名、讲道理第一名”最后输的一败涂地也是第一名白羊 ​展开c,0,0,0
爱情,#不要走散好不好#我在追剧，#因为一个片段#看了整部剧。L就迷阿sir的微博视频​,0,0,0
爱情,"英耽超话The Fall (Love in O'Leary Book 1)Written by May ArcherNarrated by Alexander Cendese, Iggy Toma1st Published 2018Silas ♡ EverettMr. Commitment CautiousWidowerHurt / ComfortSmall TownMurder SuspenseBook: ★★★★☆Audio: ★★★★挺不錯的一個故事，鳏夫 ​展开c",0,0,0
爱情,芈月传快看完了，有时候真是觉得剧情有点拖沓，芈姝和芈茵实在是太坏了，气死我了！芈月和义渠王之间就是成年人的爱情吗？芈月对义渠王的爱我没有看出来，看到的是那种觉得对方可以利用又不讨厌又肯为自己拼命那就在一起的感觉，这个感觉并不让人厌恶，但是又能让人明显的感觉到功利心，emmmmm最终成 ​展开c,0,0,0
爱情,南北cp超话【南北】无期徒刑Summary：世俗信仰无法阻挠爱情，但爱情也不能感动神🔗见🍎得到这篇文灵感的契机很奇妙。1106前一天晚自习，我趴在桌上想休息一会儿，就这么做了个梦。我突然惊醒跳起来说想把这个梦写下来，在舍友惊诧的眼光下记下这个灵感。从忙碌的学习生活中抬起头来，发 ​展开c,0,0,0
爱情,檀健次的待播剧《滤镜》讲述的是一个疑云重重的手镯、一场的奇特体验和一个超科技产品让她拥有了改变容貌的能力，与她心意相通的唐奇揭开了她变换身份的真相，两人要一起面对滤镜手镯带来的严峻挑战的故事，一起期待一下唐奇吧～@MIC檀健次JC-T#檀健次李兰迪滤镜早餐花絮#｜#滤镜60万预约福利#​,0,0,0
爱情,光与夜之恋超话#光与夜之恋×线条小狗#✦恋爱理想式✦⭐查理苏・艳阳嘉许“让人生艳阳高照的魔法，存在于你在我身边时每一个名为爱的瞬间。”⭐夏鸣星・来日繁花“想和你一起回到年少的那片花田，在第一片花瓣落下之前暂停时间。”PV截修：查理苏微博正文夏 ​展开c,0,0,0
爱情,其实男人都是很现实的！一些爱情心理学冷知识：1、男人比女人更快坠入爱河女性要15天，男性仅需8秒。2、 一个男人色不色，看他枕头就知道了，如果枕头上黄黄的，那肯定好色3、看到你长得漂亮，身材又好，他们心里就乐开了花，觉得这既能满足他们原始的渴望，带出去又有面子，将来的孩子模样也 ​展开c,0,0,0
爱情,#祁煜##姜小煜##游戏悬赏令#祁煜姜小煜的卡点瞬间，简直是视听享受！每个镜头都精准打击，爱情与冒险的火花，谁能抵挡？分享你们的精彩剪辑吧，一起沉醉在这深空之恋中！🚀💖L千手游的微博视频​,0,0,0
爱情,好片推荐  749局  快成长计划#微博电台计划#L点点影视解说的微博视频​,0,0,0
爱情,宁露成霜超话其实我本来一直觉得1064是2023年同游迪士尼好上的 但是我昨天刷了超话帖子 看了好多姐妹在plq的心得分享 我现在不确定了我感觉他俩只会更早就谈了 所以1064你俩哪天官宣了 能不能去参加一个慢综或者访谈节目 分享一下你俩完整的爱情时间线 我可太好奇了​,0,0,0
爱情,多年以后，当余生夫妇照进现实，也许这就是爱情最美好的样子吧~杨紫、肖战L妍如其茗的微博视频​,0,0,0
爱情,你说她写歌满满关于前任，但她说“这都是关于我的艺术”，“只是灵感的迸发”，“这是每个二十多岁的人都会有的情感”只执念聚焦于the ex或是那个存在于mv里的kiss的你，又何尝不是“jealous and possessive，So manipulatin”，这不就代入了？这也是我觉得很好笑的地方，明明可以代入的不止 ​展开c,0,0,0
爱情,【转+评，🎁12/17抽1个宝送喜马VIP月卡】💭高情商沟通不是简单教你如何嘴甜，而是让你由内而外全新认识自己，让你学会读懂对方的真实意图，让你理解沟通的底层逻辑。👉 主播：暖总（国家二级婚姻家庭咨询师、婚恋指导专家）👉 直播时间：10月27日 20:30👉 直播平台：喜马拉雅 或 MyCl ​展开c,0,0,0
